Id,Label,Weight
意识,意识,15
合格,合格,3
污点,污点,1
大法官,大法官,22
至少,至少,10
好几位,好几位,1
单一,单一,1
裁决,裁决,6
洗清,洗清,1
戏精,戏精,1
撒谎,撒谎,1
上位,上位,2
无所不用其极,无所不用其极,1
投机份子,投机份子,1
关键,关键,7
裁定,裁定,3
司法部,司法部,1
起诉,起诉,18
现任,现任,1
总统,总统,7
时,时,32
站队,站队,4
九月,九月,1
麦当劳,麦当劳,5
员工,员工,21
动作,动作,1
起身,起身,1
抗议,抗议,8
呼吁,呼吁,9
漠视,漠视,1
性骚扰,性骚扰,236
案件,案件,18
运动,运动,262
政治,政治,34
演艺圈,演艺圈,4
走向,走向,5
蓝领阶层,蓝领阶层,1
洁身自爱,洁身自爱,1
性,性,62
侵害,侵害,33
找,找,13
一年,一年,11
世界,世界,26
改变,改变,14
保护,保护,25
原本,原本,5
善意,善意,3
毒药,毒药,1
图,图,6
延伸,延伸,2
阅读,阅读,3
忽略,忽略,3
事实,事实,11
影片,影片,8
责怪,责怪,2
被害者,被害者,4
性侵,性侵,205
年,年,64
东亚各国,东亚各国,1
推行,推行,3
种种,种种,5
压制性,压制性,2
措施,措施,1
令人,令人,8
忧虑,忧虑,1
公民,公民,4
社会,社会,70
空间,空间,2
紧缩,紧缩,1
律师,律师,11
人权,人权,17
捍卫者,捍卫者,3
镇压,镇压,3
各国,各国,6
废除,废除,1
死刑,死刑,2
进展,进展,6
悲观,悲观,1
承认,承认,9
性伴侣,性伴侣,2
关系,关系,15
迹象,迹象,1
迈入,迈入,1
之际,之际,11
仍能,仍能,1
曙光,曙光,1
耶,耶,3
夜夜,夜夜,1
夜,夜,1
喝,喝,6
ㄋ,ㄋ,4
ㄟ,ㄟ,4
梦魔,梦魔,2
游记,游记,1
の,の,3
纪行,纪行,1
催眠疗法,催眠疗法,1
伊藤润二,伊藤润二,1
神交,神交,1
变态,变态,5
医生,医生,4
转,转,18
噗,噗,17
女人,女人,60
迷,迷,15
钮承泽,钮承泽,10
事件,事件,120
后续,后续,8
回应,回应,15
媒体,媒体,68
有罪,有罪,18
推定,推定,11
咎责,咎责,3
言论,言论,12
发展,发展,14
瓶颈,瓶颈,3
困境,困境,5
相似之处,相似之处,3
做,做,64
年代,年代,2
英国大学,英国大学,1
学生会,学生会,2
愈来愈多,愈来愈多,2
代表,代表,9
同性恋,同性恋,4
族裔,族裔,1
西兰,西兰,1
开郡,开郡,1
大学,大学,13
男性,男性,59
一位,一位,21
岁,岁,31
嘅,嘅,16
男,男,44
学生,学生,40
选到,选到,1
个位,个位,1
唔,唔,21
少人,少人,2
语带,语带,1
耻笑,耻笑,2
说法,说法,2
还丹,还丹,1
离奇,离奇,1
好几间,好几间,1
英国,英国,2
数名,数名,2
香港,香港,25
女空,女空,1
服员,服员,1
披露,披露,3
受,受,21
乘客,乘客,2
骚扰,骚扰,41
航空公司,航空公司,2
同业,同业,1
伸出,伸出,4
咸猪,咸猪,3
手,手,16
⬇,⬇,5
✌,✌,2
中国,中国,313
报,报,9
最新,最新,16
网站,网站,6
北马人,北马人,1
告诉,告诉,12
北马,北马,1
大小事,大小事,1
东海岸,东海岸,1
人报,人报,1
知,知,4
今日,今日,13
空姐,空姐,1
丽始,丽始,1
小姑娘,小姑娘,1
任人来,任人来,1
打扮,打扮,2
仙发,仙发,1
老人家,老人家,1
轻声,轻声,1
说,说,185
迷途,迷途,1
鼻要,鼻要,1
想,想,70
遭受,遭受,19
淫秽,淫秽,14
我会,我会,5
羞耻,羞耻,3
受害者,受害者,78
伤害,伤害,20
引导,引导,12
自杀,自杀,17
威胁,威胁,17
忍受,忍受,5
虐待,虐待,6
不想,不想,6
米,米,82
兔,兔,83
周末,周末,2
分享,分享,5
看不见,看不见,1
─,─,6
性暴力,性暴力,8
噤声,噤声,3
年初,年初,1
法官,法官,18
案,案,10
月,月,50
爆发,爆发,11
身心,身心,1
障碍,障碍,3
机构,机构,12
侵案,侵案,24
华山,华山,1
分尸案,分尸案,1
一桩,一桩,1
桩,桩,1
激起,激起,1
水花,水花,2
涟漪,涟漪,2
当反性,当反性,1
侵,侵,81
性骚,性骚,9
全球,全球,33
风起云涌,风起云涌,5
台湾,台湾,28
寂静,寂静,1
有趣,有趣,2
外省,外省,1
挂,挂,4
咖,咖,2
温良恭俭让,温良恭俭让,1
说好,说好,1
一周,一周,3
新闻,新闻,33
重点,重点,4
整理,整理,7
周日,周日,2
韩国,韩国,35
瑜,瑜,4
棒棒,棒棒,4
周一,周一,2
严,严,1
凯泰,凯泰,1
蒙主宠召,蒙主宠召,1
周二,周二,5
周三,周三,2
贵妇,贵妇,1
奈奈,奈奈,1
倒闭,倒闭,1
跑,跑,9
路,路,13
周四,周四,2
周五,周五,2
钮承,钮承,2
泽被,泽被,2
⬅,⬅,1
️,️,28
周六,周六,2
改编,改编,1
文豪,文豪,1
萧伯纳,萧伯纳,1
自嘲,自嘲,1
电视,电视,19
打开,打开,2
画面,画面,2
害,害,4
死,死,11
剃,剃,1
光头,光头,2
一抹,一抹,1
微笑,微笑,1
大安,大安,1
分局,分局,1
豆导,豆导,3
特攻队,特攻队,1
格,格,4
违,违,1
い,い,2
演变成,演变成,4
即时,即时,2
专题,专题,3
家里,家里,3
皇后,皇后,2
皇帝,皇帝,2
满清,满清,1
后代,后代,1
炫耀,炫耀,1
慈安,慈安,1
姑奶奶,姑奶奶,1
钮祜禄,钮祜禄,1
氏,氏,1
慈安太后,慈安太后,1
花街,花街,1
实在,实在,9
量化,量化,1
对冲,对冲,1
风险,风险,2
名导,名导,3
爆强,爆强,1
吻,吻,4
张钧宁,张钧宁,1
逼柯奂,逼柯奂,1
全裸,全裸,2
拍床,拍床,1
戏,戏,2
대,대,4
만,만,3
西贡,西贡,2
崇真,崇真,2
天主教,天主教,2
小学,小学,4
训导主任,训导主任,2
涉,涉,4
年前,年前,16
非礼,非礼,14
女子,女子,15
被控,被控,12
提堂,提堂,3
反性,反性,28
警方,警方,20
发言人,发言人,4
证实,证实,6
名,名,27
报称,报称,2
学校,学校,10
教师,教师,4
为求,为求,2
自保,自保,4
远离,远离,2
反使,反使,2
女性,女性,218
陷入,陷入,2
孤立,孤立,2
国际,国际,15
中央社,中央社,2
CNA,CNA,1
华尔街,华尔街,2
即时新闻,即时新闻,3
国内,国内,20
性别,性别,35
群体,群体,11
待见,待见,1
女性主义,女性主义,4
支持者,支持者,7
带有,带有,4
倾向,倾向,5
支持,支持,52
议题,议题,4
这群人,这群人,1
恶心,恶心,9
模仿,模仿,2
完,完,6
无比,无比,2
希望,希望,28
地球,地球,2
爆炸,爆炸,1
毁灭,毁灭,1
人会,人会,2
想要,想要,11
身边,身边,6
抱,抱,7
定时炸弹,定时炸弹,1
同窗,同窗,1
朋友,朋友,29
生日,生日,1
聚会,聚会,1
举办,举办,2
某位,某位,2
学生宿舍,学生宿舍,1
中,中,94
当晚,当晚,2
有志一同,有志一同,1
威士忌,威士忌,2
酒过三巡,酒过三巡,1
游戏,游戏,2
玩,玩,12
输,输,3
忍住,忍住,3
喉间,喉间,1
不适感,不适感,1
我往,我往,1
走廊,走廊,2
另一方,另一方,3
厕所,厕所,5
尾随,尾随,1
进,进,2
反胃,反胃,1
官,官,4
宣判,宣判,3
衣着,衣着,3
性感,性感,2
深夜,深夜,2
外出,外出,2
口口声声,口口声声,2
隐晦,隐晦,2
确认,确认,4
同意,同意,13
发生,发生,40
退堂,退堂,2
职场,职场,16
调查报告,调查报告,2
轰轰烈烈,轰轰烈烈,2
我国,我国,3
民法典,民法典,1
草案,草案,2
增加,增加,5
禁止,禁止,10
条款,条款,1
曝光,曝光,27
案例,案例,8
用人单位,用人单位,2
失望,失望,2
状况,状况,6
反,反,29
缺位,缺位,1
广州,广州,2
中心,中心,7
调查,调查,45
风潮,风潮,11
蔓延,蔓延,7
全世界,全世界,4
感受,感受,9
概念,概念,8
相关,相关,19
讯息,讯息,4
机会,机会,12
所处,所处,2
环境,环境,13
少女时代,少女时代,1
活动,活动,20
改善,改善,3
在乎,在乎,2
包括,包括,27
在内,在内,2
拥有,拥有,3
努力,努力,3
原动力,原动力,1
抱持着,抱持着,1
自信,自信,1
身为,身为,6
可能性,可能性,3
活跃,活跃,1
想法,想法,26
性别歧视,性别歧视,3
唤醒,唤醒,1
女演员,女演员,6
好莱坞,好莱坞,23
床戏,床戏,1
指导员,指导员,1
😳,😳,2
提供,提供,8
更好,更好,1
保障,保障,3
确保,确保,1
未受,未受,1
不当,不当,7
侵犯,侵犯,14
👍,👍,4
抛弃,抛弃,1
紧身胸衣,紧身胸衣,1
反对,反对,16
以貌取人,以貌取人,2
推动,推动,5
越来越,越来越,16
试图,试图,4
摆脱,摆脱,1
该国,该国,1
严苛,严苛,1
审美,审美,1
标准,标准,7
态度,态度,17
语境,语境,1
METOO,METOO,45
喊,喊,7
多年,多年,13
依然,依然,4
歧视,歧视,7
一点,一点,12
不皿,不皿,1
煮,煮,1
博士,博士,6
没事,没事,3
名单,名单,10
骚性,骚性,1
浪潮,浪潮,13
席卷,席卷,13
李载禄,李载禄,3
信徒,信徒,2
稍早,稍早,1
出面,出面,5
指控,指控,92
诉说,诉说,3
召唤,召唤,1
公寓,公寓,1
狼,狼,4
爪,爪,2
提出,提出,11
刑事诉讼,刑事诉讼,1
指称,指称,3
发现,发现,18
强暴,强暴,4
达,达,5
数十次,数十次,1
光明日报,光明日报,1
记者,记者,27
周洪,周洪,1
双性,双性,1
实习生,实习生,3
成功,成功,11
坏蛋,坏蛋,2
拖下来,拖下来,1
弄,弄,3
身败名裂,身败名裂,3
法律制裁,法律制裁,1
网路上,网路上,6
证言,证言,1
未,未,7
审先判,审先判,1
不审,不审,1
自判,自判,1
意见,意见,6
预设,预设,1
立场,立场,3
偏见,偏见,8
FB,FB,4
直播,直播,16
信仰,信仰,3
公开,公开,26
论坛,论坛,2
门徒,门徒,2
兴趣,兴趣,3
现场,现场,2
网上,网上,6
精液,精液,1
床单,床单,1
实锤,实锤,4
证据,证据,53
情况,情况,20
刘强,刘强,12
东,东,10
被判,被判,6
无罪,无罪,10
只能,只能,15
美帝,美帝,2
笑话,笑话,6
发起,发起,19
投票,投票,5
比尔,比尔,9
柯林顿,柯林顿,3
卢,卢,2
文斯基,文斯基,1
婚外情,婚外情,1
请,请,20
😘,😘,1
🙏,🙏,1
发布会,发布会,1
规模,规模,4
宏大,宏大,1
盛况,盛况,1
空前,空前,1
PPT,PPT,1
简陋,简陋,1
令人发指,令人发指,1
班农说,班农说,1
郭鬼,郭鬼,2
真的,真的,40
喜欢,喜欢,18
标榜,标榜,3
尊重,尊重,14
小时,小时,7
旁听,旁听,1
越来越少,越来越少,1
小蚂蚁,小蚂蚁,2
坐不住,坐不住,1
可惜,可惜,5
不出,不出,1
🤣,🤣,18
新东方,新东方,1
CEO,CEO,2
俞敏洪,俞敏洪,1
发表,发表,4
致歉,致歉,2
毫无诚意,毫无诚意,1
再引,再引,1
怒火,怒火,1
辣评,辣评,2
拜金,拜金,1
择偶观,择偶观,1
是果,是果,1
一种,一种,19
很苦,很苦,1
果,果,1
恶性循环,恶性循环,1
食,食,3
苦果,苦果,1
压力,压力,6
更大,更大,5
选择,选择,13
少,少,5
自由,自由,32
万恶之源,万恶之源,1
时空,时空,2
所有人,所有人,5
串,串,2
一张,一张,3
动弹不得,动弹不得,1
课,课,1
讲,讲,29
男生,男生,10
事情,事情,48
贴,贴,12
连结,连结,3
期望,期望,5
勉强,勉强,3
参与,参与,18
电影,电影,6
工作者,工作者,2
遵守,遵守,2
台湾独立,台湾独立,1
话题,话题,34
相提并论,相提并论,3
纽约时报,纽约时报,7
原话,原话,1
自由主义,自由主义,3
潜在,潜在,2
马克思主义者,马克思主义者,1
看得出来,看得出来,1
信奉,信奉,1
马克思主义,马克思主义,1
自定义,自定义,1
欺压,欺压,1
异性恋,异性恋,1
无证据,无证据,1
口述,口述,1
历史,历史,6
诬陷,诬陷,4
男人,男人,40
穆斯林,穆斯林,4
说话,说话,8
本分,本分,1
平等,平等,17
教育,教育,15
平台,平台,13
教,教,2
小孩,小孩,2
越想,越想,1
越,越,11
不对劲,不对劲,1
家暴,家暴,3
临时,临时,1
收容,收容,1
厌女,厌女,2
撚,撚,1
全美,全美,9
令,令,9
多性,多性,1
勇于,勇于,2
发声,发声,29
美国,美国,87
教育部,教育部,1
新,新,27
行为不检,行为不检,2
指引,指引,2
修订,修订,1
程序,程序,3
收窄,收窄,1
定义,定义,8
推翻,推翻,1
奥巴马,奥巴马,3
政府,政府,35
制定,制定,3
有美媒,有美媒,1
形容,形容,5
倒退,倒退,1
手机,手机,5
电量,电量,1
低于,低于,1
充电,充电,3
永远,永远,4
放在,放在,3
垫,垫,1
强迫症,强迫症,1
勇敢,勇敢,35
举手,举手,1
🙋,🙋,1
🏻,🏻,1
♂,♂,4
咗,咗,3
避嫌,避嫌,1
辅仁,辅仁,3
阳光,阳光,3
宅,宅,2
教练,教练,14
讲句,讲句,6
吕丽瑶,吕丽瑶,5
合照,合照,1
体路,体路,1
图片,图片,8
好奇,好奇,1
点解,点解,1
I,I,9
经历,经历,23
心理压力,心理压力,2
唯一,唯一,8
俾,俾,2
佢,佢,19
彩,彩,1
系,系,23
上报,上报,1
无上,无上,2
提到,提到,6
外国,外国,6
练官,练官,2
沿于,沿于,1
父权,父权,15
当权,当权,1
制度,制度,10
长期,长期,3
欺凌,欺凌,1
终,终,2
哑忍,哑忍,1
反抗,反抗,12
练,练,1
官续,官续,1
法庭,法庭,6
地方,地方,14
作用,作用,5
狭窄,狭窄,1
须,须,2
独立,独立,5
评估,评估,2
每宗,每宗,1
证供,证供,2
审慎考虑,审慎考虑,1
疑点,疑点,2
利益,利益,5
归于,归于,1
被告,被告,7
文志,文志,2
%,%,59
第一案,第一案,4
完美,完美,5
受害人,受害人,27
阿离,阿离,2
合乎,合乎,4
样式,样式,1
既有,既有,2
认知,认知,2
观念,观念,4
好人,好人,2
若然,若然,1
未能,未能,3
责任,责任,6
过往,过往,1
男士,男士,9
瞄,瞄,2
这位,这位,7
女士,女士,14
好几眼,好几眼,1
不算,不算,3
知边,知边,1
喺,喺,2
人未,人未,1
定罪,定罪,9
前,前,41
清白,清白,4
过来人,过来人,1
句,句,2
话,话,11
突发,突发,1
死者,死者,1
涉嫌,涉嫌,13
项,项,1
罪,罪,9
律政司,律政司,1
高级,高级,4
检控官,检控官,1
王永森,王永森,3
今个,今个,1
日于,日于,1
东区,东区,1
裁判,裁判,1
法院,法院,11
押后,押后,1
明年,明年,4
日,日,31
获准,获准,2
保释,保释,1
候讯,候讯,1
堕楼,堕楼,1
大韩民国,大韩民国,2
DISABLED,DISABLED,3
▶,▶,1
◀,◀,1
의,의,3
悲剧,悲剧,4
关联,关联,1
하,하,3
여,여,2
地球村,地球村,2
모,모,1
두,두,1
가,가,3
一心同体,一心同体,1
精神,精神,8
과,과,4
MIND,MIND,1
思想,思想,3
으,으,1
로,로,4
한,한,3
데,데,1
뭉,뭉,1
쳐,쳐,1
이,이,4
PROBLEM,PROBLEM,1
에,에,3
确实,确实,12
히,히,1
제,제,1
똑,똑,1
바,바,3
올,올,1
르,르,1
게,게,2
잡,잡,1
아,아,2
나,나,1
야,야,1
겠,겠,1
습,습,1
니,니,2
다,다,2
社评,社评,1
关注,关注,29
公审,公审,4
摆正,摆正,1
心态,心态,1
看待,看待,2
明报,明报,3
民主,民主,13
★,★,1
运动员,运动员,6
阿伯,阿伯,2
一案,一案,2
证据不足,证据不足,1
判,判,1
那位,那位,3
判词,判词,2
事主,事主,2
动机,动机,3
报复,报复,6
找个,找个,3
不错,不错,5
最起码,最起码,1
释放,释放,2
一部分,一部分,3
依证供,依证供,1
做法,做法,4
逻辑,逻辑,6
作,作,2
判断,判断,5
有别于,有别于,1
明言,明言,1
会否,会否,2
愿,愿,3
挺身而出,挺身而出,3
值得,值得,7
赞扬,赞扬,1
讨论,讨论,27
这宗,这宗,1
女,女,64
捍卫,捍卫,2
东西,东西,8
更多人,更多人,3
懂,懂,7
讹称,讹称,1
妳们,妳们,1
第九,第九,1
诫,诫,1
作假,作假,1
见证,见证,1
谄害,谄害,1
HK,HK,1
🇭,🇭,1
🇰,🇰,1
份,份,2
好笑,好笑,2
钉,钉,1
官破功,官破功,1
例子,例子,4
手段,手段,3
私怨,私怨,1
挑拨,挑拨,2
利害,利害,1
瓜葛,瓜葛,1
同性,同性,1
港女,港女,1
同港,同港,1
佗,佗,1
枪,枪,2
魔警,魔警,1
可怕,可怕,14
社会公害,社会公害,1
黑暗,黑暗,4
俾非,俾非,1
证明,证明,14
近乎,近乎,1
特权,特权,6
式,式,10
全方位,全方位,1
权利,权利,15
先,先,13
可望,可望,2
扫除,扫除,1
乜嘢,乜嘢,2
群众,群众,5
声,声,1
乱,乱,2
咁,咁,5
屈人,屈人,1
制造,制造,13
冤案,冤案,3
质疑,质疑,12
修例,修例,2
告,告,6
刑事,刑事,4
调番,调番,1
仲,仲,2
有人,有人,32
X,X,4
小姐,小姐,10
陷害,陷害,2
WH,WH,2
整条,整条,1
诽谤罪,诽谤罪,1
告人,告人,2
FF,FF,1
未必,未必,4
最令,最令,1
难,难,4
心服口服,心服口服,1
始终,始终,3
老屈,老屈,1
名誉扫地,名誉扫地,1
诬告,诬告,4
嘢,嘢,2
W,W,3
H,H,2
太老要,太老要,1
收,收,1
山系,山系,1
回事,回事,1
培正同,培正同,1
屈臣氏,屈臣氏,1
复聘,复聘,1
封校,封校,1
样,样,2
借口,借口,3
冤狱,冤狱,1
矫,矫,2
枉,枉,2
过正,过正,2
吐槽,吐槽,2
同事,同事,6
厚道,厚道,1
脉络,脉络,1
衍生,衍生,2
含意,含意,1
毒物,毒物,1
感叹,感叹,1
恶毒,恶毒,1
语言,语言,6
牛津,牛津,1
辞典,辞典,1
称为,称为,6
有毒,有毒,1
男子,男子,8
气概,气概,2
大陆,大陆,16
中文,中文,17
网路,网路,31
里,里,44
显而易见,显而易见,1
对应物,对应物,1
感觉,感觉,14
词,词,6
害处,害处,1
较大,较大,1
近期,近期,8
声援,声援,6
深圳,深圳,2
佳士,佳士,5
工人,工人,1
组建,组建,1
工会,工会,3
校园,校园,6
抗争,抗争,4
持续,持续,27
发酵,发酵,16
北京大学,北京大学,6
压制,压制,6
异见,异见,2
声音,声音,16
执政党,执政党,1
大学校园,大学校园,2
控制,控制,7
红通,红通,3
逃犯,逃犯,2
郑泉官,郑泉官,3
强制,强制,9
遣返,遣返,1
外逃,外逃,1
职务侵占,职务侵占,1
犯罪,犯罪,8
嫌疑人,嫌疑人,5
遣返回国,遣返回国,1
年生,年生,1
湖南省,湖南省,1
怀化市,怀化市,1
富达,富达,1
房地产,房地产,1
有限公司,有限公司,1
总经理,总经理,1
利用,利用,17
职务,职务,2
便利,便利,1
侵占,侵占,1
公司,公司,20
财产,财产,2
余万元,余万元,1
潜逃,潜逃,3
送给,送给,1
🎁,🎁,2
郭文鬼,郭文鬼,7
远,远,6
快乐,快乐,4
期待,期待,4
每一秒,每一秒,1
珍妮,珍妮,1
一间,一间,2
新创,新创,2
透过,透过,3
加密,加密,2
货币,货币,3
卖完,卖完,1
点算,点算,1
伦敦,伦敦,1
–,–,8
字头,字头,1
超市,超市,2
日前,日前,6
拒绝,拒绝,14
出售,出售,2
一款,一款,1
芝士,芝士,3
而系,而系,1
丑妇,丑妇,1
营销,营销,1
部门,部门,1
销售,销售,2
市区,市区,1
高档,高档,1
食肆,食肆,1
牌子,牌子,1
主人,主人,1
热衷,热衷,1
改名,改名,1
名叫,名叫,2
几百年,几百年,2
问,问,9
几个,几个,9
买,买,7
绑定,绑定,1
简讯,简讯,1
登录,登录,1
验证,验证,3
有木有,有木有,1
同志,同志,2
控诉,控诉,17
挺,挺,8
看好,看好,1
面相,面相,1
太,太,27
特别,特别,15
别扭,别扭,3
内心,内心,5
事,事,33
硬,硬,2
权益,权益,9
遣散费,遣散费,2
万美元,万美元,4
文化,文化,15
骚,骚,12
南韩,南韩,8
突破性,突破性,1
韩国政府,韩国政府,2
跨部门,跨部门,1
调查团,调查团,1
首度,首度,3
光州,光州,1
民主运动,民主运动,1
示威者,示威者,1
施以,施以,1
血腥,血腥,1
戒严,戒严,1
军,军,3
集体,集体,2
施虐,施虐,1
已知,已知,1
受害,受害,12
高中生,高中生,1
大学生,大学生,4
家庭主妇,家庭主妇,2
公视,公视,1
专访,专访,15
伊藤,伊藤,13
诗织,诗织,13
打破,打破,15
日本,日本,25
沉默,沉默,21
赌,赌,9
平权,平权,11
意图,意图,3
公权力,公权力,2
正义性,正义性,1
介入,介入,3
性爱,性爱,6
过程,过程,13
其本质,其本质,1
理性,理性,4
感性,感性,1
冲动,冲动,2
之中,之中,4
之物,之物,1
依托,依托,2
证人,证人,2
在场,在场,3
最终,最终,16
入围,入围,4
流行语,流行语,1
大赏,大赏,1
大叔,大叔,3
爱,爱,4
成大热,成大热,1
尸杀,尸杀,1
片场,片场,1
打入,打入,1
强,强,5
外貌,外貌,3
心痛,心痛,2
不该,不该,7
理解,理解,8
方法,方法,6
公费,公费,1
脱衣舞,脱衣舞,1
挑选,挑选,2
吸引力,吸引力,1
参加,参加,3
安德玛,安德玛,1
审视,审视,1
企业,企业,4
港闻,港闻,5
团体,团体,4
早前,早前,5
研究,研究,4
报告,报告,10
本港,本港,1
逾,逾,4
宗教,宗教,9
个案,个案,5
约,约,7
成,成,22
强迫,强迫,3
性行为,性行为,6
突破,突破,7
汇动,汇动,2
青年,青年,6
禽兽不如,禽兽不如,1
印度,印度,12
女童,女童,1
住院,住院,2
疗伤,疗伤,1
遭人,遭人,1
集体性,集体性,1
医院,医院,2
独家,独家,2
遭,遭,34
安倍,安倍,2
首相,首相,2
御用,御用,3
传记,传记,2
作者,作者,6
促动,促动,2
百年,百年,2
未变,未变,2
法律,法律,54
修法,修法,3
朝鲜,朝鲜,3
重视,重视,5
普获,普获,1
容忍,容忍,9
秘密,秘密,2
伸张正义,伸张正义,1
金正恩,金正恩,2
独裁,独裁,1
堵死,堵死,1
网友,网友,7
真,真,13
奇怪,奇怪,3
体育界,体育界,1
演艺界,演艺界,3
自称,自称,3
美式,美式,1
左翼,左翼,2
苹果日报,苹果日报,3
追击,追击,1
精神病,精神病,3
患者,患者,3
视为,视为,11
邪教,邪教,1
绝世,绝世,1
瘟疫,瘟疫,1
般要,般要,1
消灭,消灭,5
鼓励,鼓励,12
CNN,CNN,22
左,左,6
粪,粪,2
喉舌,喉舌,1
报道,报道,27
诬告陷害,诬告陷害,1
拿出,拿出,2
当初,当初,2
炒作,炒作,4
卡瓦,卡瓦,29
诺性,诺性,2
十分之一,十分之一,1
篇幅,篇幅,1
华府,华府,1
卡文,卡文,1
纳,纳,1
参议院,参议院,6
听证,听证,2
风云,风云,2
路转,路转,1
出黎,出黎,1
指证,指证,7
强奸,强奸,65
位,位,4
黎自,黎自,2
加州,加州,4
杜钟斯,杜钟斯,1
伪造,伪造,2
投诉,投诉,11
系住,系住,1
未见,未见,1
过卡云,过卡云,1
提名,提名,11
正确,正确,13
搞,搞,21
法国,法国,6
老师,老师,27
枪口,枪口,1
对准,对准,1
另类,另类,3
霸凌,霸凌,4
震撼,震撼,2
谷歌,谷歌,1
罢工,罢工,5
处理不当,处理不当,1
端的,端的,2
一名,一名,33
高管,高管,6
支付,支付,4
可靠,可靠,1
最有,最有,1
权势,权势,6
诺,诺,25
听证会,听证会,10
VOA,VOA,1
新一轮,新一轮,1
玩物,玩物,1
故事,故事,23
淫贱,淫贱,1
有个格,有个格,1
好样,好样,2
衰,衰,1
高层,高层,5
求职者,求职者,1
除衫,除衫,1
按摩,按摩,2
辞职,辞职,13
教会,教会,11
怜悯,怜悯,1
宽恕,宽恕,4
事件簿,事件簿,1
深度,深度,11
端,端,12
传媒,传媒,11
LOL,LOL,1
😂,😂,18
好好,好好,8
深得,深得,1
伪君子,伪君子,2
真传,真传,1
大买包,大买包,1
大买,大买,1
女权,女权,47
出钱,出钱,1
收买,收买,1
假,假,10
证词,证词,3
保守派,保守派,6
活动家,活动家,2
四处,四处,2
正经,正经,3
报导,报导,3
成名,成名,1
达到最佳,达到最佳,1
传播,传播,9
效果,效果,1
经验,经验,12
简单,简单,5
访问,访问,3
端倪,端倪,1
一家,一家,2
上钩,上钩,1
这类,这类,2
极右,极右,1
散播,散播,1
假消息,假消息,1
郭,郭,10
北美,北美,2
五朵,五朵,1
金花,金花,1
雾亭,雾亭,1
韩梅,韩梅,1
美猴王,美猴王,1
山琳,山琳,2
张欣萍,张欣萍,1
携手,携手,1
弃暗投明,弃暗投明,1
天高海阔,天高海阔,1
看且,看且,1
行是,行是,1
哪位,哪位,2
知识,知识,5
爱敢,爱敢,1
愤是,愤是,1
学习,学习,3
榜样,榜样,1
发现自己,发现自己,1
上当,上当,1
回头,回头,2
学着,学着,1
砸锅,砸锅,8
姐姐,姐姐,4
妹妹,妹妹,5
站,站,43
不可不,不可不,1
负于,负于,1
涉及,涉及,7
公共,公共,12
全文,全文,6
见到,见到,6
妳,妳,7
点,点,13
靓女,靓女,1
打量,打量,1
玩笑,玩笑,3
挠,挠,1
身体,身体,5
称遭,称遭,2
老牌,老牌,1
基督教,基督教,3
及施,及施,1
害人,害人,2
有待,有待,1
介绍,介绍,2
办,办,4
理念,理念,3
芸芸,芸芸,1
借用,借用,5
假新闻,假新闻,1
查核,查核,1
难堪,难堪,1
反向,反向,1
操作,操作,2
宣传,宣传,2
使命,使命,1
未尽,未尽,1
天能,天能,1
完整,完整,5
地向,地向,3
身上,身上,7
第二天,第二天,3
离职,离职,8
之父,之父,1
内幕,内幕,3
获谷歌,获谷歌,1
赔偿,赔偿,2
亿,亿,2
万令,万令,1
吉,吉,3
巨额,巨额,1
资金,资金,2
安卓之父,安卓之父,2
洁净,洁净,1
上帝,上帝,5
殿,殿,1
风波,风波,3
罗宾,罗宾,1
涉性,涉性,6
踢,踢,3
爆,爆,20
帮忙,帮忙,4
包庇,包庇,5
丢,丢,4
工作,工作,10
继任者,继任者,4
占,占,5
一半,一半,5
好奇心,好奇心,1
数据,数据,2
追诉,追诉,3
刘,刘,5
阿訇,阿訇,2
旧,旧,4
推特,推特,9
一件,一件,4
有意思,有意思,2
去年,去年,12
一带,一带,13
一路,一路,16
上山下乡,上山下乡,1
级别,级别,6
预言,预言,2
粉红,粉红,1
玛,玛,1
瓦里,瓦里,1
追随,追随,1
八个,八个,3
算是,算是,5
凉,凉,1
⋯,⋯,11
最草,最草,1
那句,那句,1
嫁给,嫁给,1
估计,估计,8
鲁怡麟,鲁怡麟,1
请鲁怡麟,请鲁怡麟,1
商人,商人,2
禁制令,禁制令,2
上议院,上议院,2
议员,议员,7
老板,老板,6
涉案,涉案,3
寰,寰,2
雨,雨,2
胶事录,胶事录,5
台,台,4
环球,环球,2
智慧,智慧,4
风情,风情,2
广东话,广东话,1
胶闻,胶闻,2
胶事,胶事,6
不管怎么,不管怎么,1
还敢,还敢,1
拍,拍,6
错,错,10
寻找,寻找,6
岳昕,岳昕,32
手抄,手抄,1
一份,一份,4
歌词,歌词,1
张悬,张悬,1
玫瑰色,玫瑰色,1
祝岳昕,祝岳昕,1
早日,早日,3
归来,归来,1
家,家,5
阁楼,阁楼,1
书架,书架,1
目前为止,目前为止,3
落马,落马,3
找到,找到,8
意想不到,意想不到,2
名字,名字,4
记得,记得,13
博客,博客,5
全盛期,全盛期,2
回避,回避,5
全记录,全记录,5
检察官,检察官,1
调阅,调阅,1
餐厅,餐厅,2
汽车旅馆,汽车旅馆,1
监视,监视,1
进出,进出,1
行动自如,行动自如,1
不省人事,不省人事,1
陈男事证,陈男事证,1
处分,处分,4
长腿,长腿,1
女星,女星,17
遭淫,遭淫,1
片性,片性,1
骚怒,骚怒,1
报警,报警,17
恶,恶,6
判刑,判刑,5
GG,GG,1
AOA,AOA,2
雪炫,雪炫,1
설,설,1
현,현,3
微博上,微博上,12
日历,日历,1
记录,记录,8
删除,删除,12
微博号,微博号,1
同学,同学,17
被删,被删,6
记忆,记忆,2
随便,随便,5
上个月,上个月,2
支支吾吾,支支吾吾,1
说不出,说不出,1
字,字,8
感谢,感谢,7
涨,涨,1
退,退,1
公益,公益,25
界,界,1
收敛,收敛,1
招摇,招摇,1
霉体界,霉体界,1
捂著,捂著,1
霉变,霉变,1
娱乐界,娱乐界,1
倒打一耙,倒打一耙,1
过得,过得,1
观点,观点,11
论战,论战,3
太精彩,太精彩,1
只前,只前,1
三土,三土,1
反驳,反驳,4
刘瑜,刘瑜,24
没想到,没想到,8
回合,回合,1
重磅,重磅,3
全纪录,全纪录,2
走,走,23
很长,很长,3
管制,管制,3
鲜少,鲜少,2
外界,外界,3
所知,所知,3
一周年,一周年,8
邀,邀,2
一齐,一齐,2
走入,走入,2
这场,这场,6
风暴,风暴,15
一系列,一系列,2
备受瞩目,备受瞩目,1
警察,警察,12
滥用职权,滥用职权,1
暴行,暴行,2
执法,执法,2
缺乏,缺乏,2
透明度,透明度,1
担忧,担忧,1
孙世华,孙世华,1
中长期,中长期,1
暴力,暴力,59
真系,真系,6
编辑,编辑,2
柏士顿,柏士顿,1
激烈,激烈,1
追捕,追捕,1
丧妻,丧妻,1
鳏夫,鳏夫,1
追求,追求,3
一度,一度,3
跟踪,跟踪,1
星期日,星期日,2
时报,时报,5
举报,举报,29
错字,错字,1
留言板,留言板,1
ITV,ITV,1
资深,资深,6
实例,实例,1
外交,外交,3
国务部长,国务部长,3
被迫辞职,被迫辞职,2
这是,这是,38
知名人士,知名人士,5
迄今为止,迄今为止,2
影响力,影响力,5
J,J,1
田野,田野,1
险恶,险恶,1
人心,人心,3
谈,谈,19
人类学,人类学,5
研究生,研究生,2
死亡,死亡,1
污名,污名,2
芭乐,芭乐,1
做个,做个,1
标记,标记,1
先帮,先帮,1
苦主,苦主,1
B,B,5
挺不错,挺不错,1
反讽,反讽,2
用太多,用太多,1
玩坏,玩坏,3
民主党,民主党,5
拿到,拿到,2
众院,众院,1
厉害,厉害,18
地位,地位,9
进一步提高,进一步提高,2
领导阶层,领导阶层,2
玻璃,玻璃,3
天花板,天花板,2
USA,USA,5
旁观者,旁观者,1
冷漠,冷漠,3
锋利,锋利,1
剑,剑,1
天天,天天,3
女神,女神,3
卡卡,卡卡,1
哭,哭,3
帮,帮,8
推进,推进,2
摘掉,摘掉,2
大国,大国,2
帽子,帽子,2
真实,真实,5
幸存者,幸存者,5
伤,伤,2
同理,同理,4
学会,学会,5
共处,共处,2
承接,承接,2
一股,一股,3
力量,力量,13
妮可,妮可,1
基嫚,基嫚,2
汤姆,汤姆,1
克鲁斯,克鲁斯,3
离婚,离婚,2
这段,这段,1
婚姻,婚姻,2
见解,见解,1
潮流,潮流,1
结婚,结婚,3
爱情,爱情,1
寻求,寻求,4
BE,BE,1
我顶,我顶,3
视频,视频,17
核心,核心,5
接下去,接下去,1
推特上,推特上,3
地铁,地铁,3
当年,当年,19
红极一时,红极一时,1
情侣,情侣,1
基德曼,基德曼,1
分开,分开,1
迫使,迫使,2
长大,长大,3
雷人,雷人,1
语录,语录,1
郭某,郭某,1
平生,平生,1
不才,不才,1
事迹,事迹,1
知名,知名,14
不以为耻,不以为耻,2
荣,荣,2
人品,人品,3
蚂蚁,蚂蚁,3
🐜,🐜,1
新闻业,新闻业,1
把持,把持,1
宝莱坞,宝莱坞,1
开启,开启,2
版,版,13
妈妈,妈妈,6
起因,起因,1
儿子,儿子,5
忌惮,忌惮,1
约会,约会,2
欺负,欺负,2
声张,声张,4
越发,越发,1
警惕,警惕,1
现象,现象,5
被性,被性,1
侵后,侵后,1
亲密,亲密,1
根生,根生,1
恐惧,恐惧,3
侮辱,侮辱,4
何法,何法,1
家乡,家乡,1
月亮,月亮,1
变,变,3
膨胀,膨胀,1
自爆,自爆,2
李偲嫣,李偲嫣,5
称,称,15
幼时,幼时,2
同母异父,同母异父,3
兄长,兄长,4
侵虐,侵虐,2
可恶,可恶,2
慈善,慈善,1
女校,女校,1
竟成,竟成,1
创办,创办,1
人性,人性,6
乐园,乐园,7
赖比瑞亚,赖比瑞亚,1
非洲,非洲,2
佳片,佳片,1
推荐,推荐,2
妈,妈,5
全职,全职,2
时代,时代,18
高,高,8
糟糕,糟糕,2
职业,职业,1
女强人,女强人,5
母亲,母亲,8
公众,公众,12
接受,接受,8
变化,变化,6
超过,超过,3
年轻人,年轻人,3
表态,表态,3
年轻,年轻,13
对米,对米,2
中有,中有,2
思考,思考,3
含义,含义,3
以往,以往,2
异常现象,异常现象,1
忽视,忽视,1
场合,场合,2
记者会,记者会,2
童年,童年,1
时遭,时遭,3
小六至,小六至,1
中二,中二,1
期间,期间,7
拍打,拍打,1
发育,发育,1
胸部,胸部,2
拉扯,拉扯,1
胸围,胸围,1
脱离关系,脱离关系,1
消息,消息,4
右派,右派,1
炸锅,炸锅,1
是因为,是因为,7
女权运动,女权运动,13
WTF,WTF,1
郭文贵,郭文贵,42
郭文贵关,郭文贵关,1
马蕊,马蕊,9
可怜,可怜,3
地狱,地狱,3
郭文,郭文,1
贵会,贵会,1
表演,表演,3
亲爱,亲爱,1
推友们,推友们,3
搬,搬,2
凳子,凳子,1
末日,末日,6
不远,不远,1
花花公子,花花公子,3
俱乐部,俱乐部,4
消失,消失,2
纽约,纽约,14
开张,开张,2
招牌,招牌,1
兔女郎,兔女郎,1
👯,👯,1
♀,♀,7
重现,重现,1
掀起,掀起,6
侵反性,侵反性,1
提倡,提倡,1
两性,两性,2
卷土重来,卷土重来,1
招来,招来,1
批评,批评,6
男朋友,男朋友,1
白睡,白睡,1
几年,几年,2
甩,甩,1
痛苦,痛苦,6
🇨,🇨,1
🇳,🇳,1
捏死,捏死,1
敲过,敲过,1
诈,诈,1
吐出来,吐出来,1
罚款,罚款,1
不带,不带,2
骗,骗,4
那群,那群,1
总有,总有,1
傻子,傻子,1
赶着,赶着,1
送肉,送肉,1
买精,买精,1
救国,救国,2
印钞机,印钞机,1
盖,盖,1
恐怖,恐怖,5
弄清,弄清,1
🤷,🤷,1
终于,终于,15
自发,自发,2
觉醒,觉醒,7
反抗性,反抗性,1
组织,组织,7
领导人,领导人,3
性质,性质,5
文革,文革,3
领导小组,领导小组,1
刻意,刻意,3
分,分,7
优先,优先,1
化解,化解,1
冲突,冲突,4
讽刺,讽刺,5
一笑了之,一笑了之,2
顺带,顺带,1
表达,表达,8
赞,赞,3
图像,图像,1
诶,诶,1
您老,您老,1
雷普,雷普,1
错乱,错乱,1
好不好,好不好,1
层次,层次,1
趋吉避凶,趋吉避凶,1
防范,防范,3
未然,未然,1
事后,事后,7
弥补,弥补,1
救援,救援,1
善后,善后,1
诺贝尔和平奖,诺贝尔和平奖,2
送出,送出,1
应,应,5
正义,正义,13
迟到,迟到,3
太久,太久,2
颁发,颁发,9
时机,时机,3
应有,应有,2
最高法院,最高法院,5
并未,并未,3
官员,官员,8
疑涉,疑涉,1
台女,台女,1
翻译,翻译,4
巴拉圭,巴拉圭,2
请辞,请辞,2
外交部,外交部,1
为啥,为啥,3
有性,有性,1
嫌疑,嫌疑,3
候选人,候选人,5
成见,成见,1
基础,基础,4
疑罪从无,疑罪从无,2
影响,影响,19
专业,专业,1
能力,能力,6
中立,中立,1
非,非,5
默许,默许,1
现代版,现代版,1
佛罗里达,佛罗里达,1
宠物,宠物,1
诊病,诊病,1
冷静,冷静,2
宠物医院,宠物医院,1
工作人员,工作人员,5
抓获,抓获,1
携枪,携枪,1
男友,男友,5
US,US,1
布雷特,布雷特,1
以史,以史,1
最为,最为,1
微弱,微弱,1
优势,优势,1
美国最高法院,美国最高法院,3
三权分立,三权分立,1
司法,司法,10
落入,落入,1
掌控,掌控,2
其性,其性,1
引发,引发,10
白人,白人,1
愤怒,愤怒,7
两党,两党,1
围绕,围绕,3
晋升,晋升,1
斗争,斗争,2
这一,这一,5
损害,损害,2
形象,形象,2
早报,早报,6
内容,内容,24
真不嫌,真不嫌,1
丢人,丢人,2
央视,央视,17
朱军,朱军,62
当事,当事,2
女生,女生,48
绝大部分,绝大部分,1
温和,温和,1
守礼,守礼,1
揭露,揭露,22
不守礼,不守礼,1
违法性,违法性,1
一说,一说,1
做过,做过,1
龌龊事,龌龊事,2
自动,自动,3
对号入座,对号入座,1
男女,男女,19
战争,战争,3
本末倒置,本末倒置,1
更是,更是,7
阿波罗,阿波罗,1
网,网,3
特约,特约,4
评论员,评论员,3
王笃然,王笃然,1
性侵犯,性侵犯,14
左派,左派,1
目的,目的,13
性解放,性解放,2
太太,太太,3
处女,处女,1
乱搞,乱搞,1
左粪,左粪,2
无耻,无耻,3
愚蠢,愚蠢,2
天下无敌,天下无敌,2
早就,早就,7
预料到,预料到,2
虚构,虚构,1
回到,回到,3
现实,现实,9
宣誓,宣誓,1
说谎,说谎,1
党棍,党棍,1
嘉奖,嘉奖,1
抛却,抛却,1
事业,事业,3
隐私,隐私,2
福特,福特,16
背负,背负,1
沉重,沉重,1
负担,负担,2
托马斯,托马斯,4
差著,差著,1
好几个,好几个,2
法,法,3
合法性,合法性,1
下降,下降,2
一页,一页,1
工具,工具,4
来得,来得,3
太早,太早,1
淡出,淡出,1
视野,视野,1
家伙,家伙,1
和平奖,和平奖,1
诺贝尔,诺贝尔,1
得主,得主,1
周年,周年,4
时刻,时刻,5
回顾,回顾,1
丑闻,丑闻,30
波及,波及,3
文学奖,文学奖,8
止血,止血,1
瑞典,瑞典,18
学院,学院,14
任命,任命,4
院士,院士,3
揭发,揭发,16
性丑闻,性丑闻,13
负责,负责,6
诺贝尔文学奖,诺贝尔文学奖,13
🎙,🎙,2
研究院,研究院,3
看点,看点,1
里程碑,里程碑,5
舆论,舆论,31
谋杀,谋杀,5
邀请,邀请,5
四位,四位,3
嘉宾,嘉宾,7
陈小平,陈小平,2
聊一聊,聊一聊,2
美,美,7
交锋,交锋,1
🎞,🎞,2
链接,链接,5
蹟,蹟,1
一步,一步,6
共和党,共和党,6
号称,号称,2
中间派,中间派,4
女议员,女议员,2
投,投,3
诺成,诺成,1
进一步,进一步,2
路途遥远,路途遥远,1
关怀,关怀,2
国家,国家,34
四分之一,四分之一,1
欠,欠,1
打赢,打赢,3
内木,内木,1
一郎,一郎,1
似曾相识,似曾相识,1
郎,郎,1
胡大导配,胡大导配,1
粤配,粤配,1
先锋,先锋,2
信错,信错,1
顾问,顾问,1
黄慈萍,黄慈萍,1
说出,说出,5
遭遇,遭遇,11
类似,类似,8
久,久,3
重提,重提,1
很难,很难,3
党政,党政,1
之争,之争,1
上台,上台,2
受挫,受挫,1
踊跃,踊跃,1
带女,带女,1
吃饭,吃饭,4
青,青,1
师傅,师傅,1
凭空,凭空,1
卷入,卷入,5
多久,多久,6
美国之音,美国之音,2
视频新闻,视频新闻,2
参议员,参议员,2
面对,面对,19
抗议者,抗议者,1
成熟,成熟,1
点儿,点儿,1
这才,这才,5
直,直,4
男癌,男癌,1
没说,没说,1
回家,回家,8
克制,克制,2
捣乱,捣乱,1
无论是,无论是,2
选,选,2
整体,整体,4
火,火,3
烧,烧,4
足球,足球,1
巨星,巨星,1
球迷,球迷,2
C,C,3
罗,罗,2
光环,光环,3
身陷,身陷,1
官司,官司,3
逍遥法外,逍遥法外,1
私人,私人,4
时间,时间,20
好友,好友,5
出席,出席,1
以示,以示,1
合,合,1
合适,合适,3
麻烦,麻烦,2
缠身,缠身,1
扯,扯,6
回忆,回忆,1
三次,三次,1
初中,初中,2
亲戚,亲戚,2
陌生人,陌生人,3
听说,听说,4
很早,很早,1
结了婚,结了婚,1
老婆,老婆,8
漂亮,漂亮,3
混,混,1
忘记,忘记,1
细节,细节,7
过年,过年,1
可爱,可爱,3
上海,上海,4
一条,一条,6
巷子,巷子,1
穿着,穿着,6
白衬衫,白衬衫,1
探,探,1
射灯,射灯,1
酒店业,酒店业,2
重灾,重灾,1
恐留,恐留,2
心理,心理,10
阴影,阴影,4
震惊,震惊,4
饮,饮,1
食品,食品,1
劳联,劳联,1
公布,公布,11
显示,显示,1
四成,四成,1
声称,声称,5
目睹,目睹,1
指,指,11
不乏,不乏,1
心理学家,心理学家,1
碍,碍,1
社交,社交,19
半夜,半夜,1
送餐,送餐,1
遇,遇,1
露体,露体,1
早晨,早晨,1
集,集,4
•,•,8
中共,中共,10
抄家,抄家,1
抄到,抄到,1
库房,库房,1
够快,够快,1
黄,黄,1
丝带,丝带,1
小丽,小丽,1
步履,步履,1
稳,稳,1
阿基泛,阿基泛,1
独埋身,独埋身,1
圣战,圣战,1
节目,节目,6
︰,︰,1
主持,主持,5
黄洋,黄洋,1
靳民知,靳民知,1
谭仔,谭仔,1
娱乐圈,娱乐圈,4
藏污纳垢,藏污纳垢,2
新鲜事,新鲜事,1
暴露出,暴露出,1
偷税,偷税,1
亿多,亿多,1
线上,线上,4
弦子,弦子,16
麦烧,麦烧,9
应诉,应诉,6
宗毓华,宗毓华,1
半个世纪,半个世纪,1
记,记,1
日期,日期,3
年份,年份,1
文字,文字,8
震慑力,震慑力,1
💔,💔,1
大师,大师,4
说得好,说得好,1
当事人,当事人,21
举发,举发,4
写下,写下,3
建议,建议,3
四年,四年,2
⃣,⃣,4
单独,单独,2
密闭,密闭,1
感到,感到,22
舒服,舒服,5
明白,明白,8
离开,离开,2
事发,事发,2
马男波,马男波,1
杰克,杰克,1
渣,渣,10
回归,回归,3
VICE,VICE,1
女孩,女孩,13
维权,维权,15
远比性,远比性,2
侵大,侵大,2
篇文章,篇文章,1
付费,付费,1
不太好,不太好,1
闹大,闹大,1
美警,美警,1
强奸案,强奸案,5
重启,重启,1
动员,动员,1
男士们,男士们,1
痛诉,痛诉,1
伤痛,伤痛,2
哈哈哈,哈哈哈,4
两句,两句,3
写,写,18
滋磁米,滋磁米,1
一场,一场,11
酝酿,酝酿,2
护士,护士,1
惨成,惨成,1
老鼠,老鼠,1
被迫,被迫,8
除裤,除裤,2
灌肠,灌肠,2
一浪接,一浪接,1
一浪,一浪,1
国,国,9
学术界,学术界,1
多宗,多宗,1
护士学校,护士学校,1
示范,示范,2
对象,对象,2
其他人,其他人,2
引来,引来,1
争议,争议,5
提告,提告,5
谎话,谎话,1
连篇,连篇,1
自圆其说,自圆其说,1
愚弄,愚弄,1
国会,国会,4
藐视,藐视,1
宪法,宪法,2
此斜,此斜,1
风不杀,风不杀,1
将来,将来,1
负面影响,负面影响,1
悲惨,悲惨,1
得不到,得不到,4
公正,公正,2
婊,婊,2
始于,始于,1
闹剧,闹剧,2
RFI,RFI,13
精华,精华,3
▍,▍,5
不让,不让,6
看似,看似,2
庄严,庄严,1
摧毁,摧毁,1
举报者,举报者,3
责无旁贷,责无旁贷,1
勇气,勇气,11
司法程序,司法程序,2
信念,信念,1
突如其来,突如其来,1
小时候,小时候,4
不照,不照,2
规矩,规矩,1
掐,掐,1
脖子,脖子,1
晚上,晚上,5
发不出,发不出,1
这件,这件,10
打架,打架,1
技巧,技巧,7
🤔,🤔,5
喊出来,喊出来,2
对抗,对抗,7
发问,发问,2
解决,解决,7
办法,办法,6
女权主义者,女权主义者,8
回答,回答,1
大声,大声,2
滚开,滚开,1
扭转,扭转,1
之间,之间,10
权力,权力,22
人喊,人喊,1
虚伪,虚伪,1
获,获,4
重创,重创,1
而会,而会,1
私下,私下,3
警告,警告,5
妇女,妇女,11
建立,建立,4
互信,互信,1
合作,合作,6
互相帮助,互相帮助,1
领袖,领袖,10
本报讯,本报讯,1
诺贝尔奖,诺贝尔奖,4
陆续,陆续,4
七十年,七十年,1
缺席,缺席,2
源于,源于,1
评审,评审,2
泄密,泄密,2
停,停,4
颁本,颁本,1
奖项,奖项,1
该院,该院,1
首名,首名,1
尼乌斯,尼乌斯,1
巅峰,巅峰,1
之作,之作,1
交过,交过,1
难捧油,难捧油,1
惹,惹,8
😌,😌,4
过高,过高,4
生,生,7
女儿,女儿,9
红利,红利,5
烂,烂,10
巨婴,巨婴,5
废物,废物,4
该死,该死,4
派,派,6
士多贡,士多贡,1
瑞典文学院,瑞典文学院,2
成员,成员,5
推迟,推迟,2
礼拜,礼拜,2
日先,日先,2
往年,往年,1
会同,会同,1
奖,奖,2
第一周,第一周,1
文学院,文学院,1
安排,安排,3
异样,异样,1
只系,只系,1
会议,会议,2
共识,共识,3
男孩,男孩,7
原则,原则,7
顺便,顺便,4
一句,一句,6
互联网,互联网,5
孩子,孩子,11
暴露,暴露,5
信息,信息,15
之下,之下,4
阻止,阻止,6
正常性,正常性,1
上策,上策,1
对立,对立,1
谢谢,谢谢,3
指正,指正,2
麦凯恩,麦凯恩,1
救,救,3
医保,医保,2
时光,时光,1
混淆,混淆,4
有颗,有颗,1
同情,同情,3
善良,善良,1
心,心,3
体会,体会,1
党派,党派,1
分歧,分歧,2
波兰,波兰,2
斯基,斯基,3
首部,首部,1
作品,作品,5
开拍,开拍,1
冤枉,冤枉,1
无辜者,无辜者,1
滥用,滥用,1
空穴来风,空穴来风,1
掩盖,掩盖,4
两位,两位,7
缅因州,缅因州,1
苏珊,苏珊,2
柯林斯,柯林斯,2
阿拉斯加,阿拉斯加,1
丽萨,丽萨,1
科沃,科沃,1
右,右,1
两次,两次,4
关键性,关键性,1
挽救,挽救,1
决定性,决定性,1
因素,因素,2
中期,中期,1
选举,选举,3
创下,创下,1
带来,带来,6
终极目标,终极目标,1
长久以来,长久以来,2
传统,传统,9
革新,革新,1
第一步,第一步,2
付出代价,付出代价,2
康复,康复,1
教授,教授,33
意义,意义,5
一课,一课,1
考验,考验,3
大学教授,大学教授,2
担心,担心,9
酒醒,酒醒,1
真相,真相,6
超,超,3
尴尬,尴尬,4
🙈,🙈,9
白左女,白左女,1
拳,拳,1
范例,范例,1
👇,👇,5
🏿,🏿,3
预料,预料,1
渐渐,渐渐,3
某种,某种,2
信心,信心,1
敲,敲,1
真诚,真诚,1
扯淡,扯淡,1
波澜壮阔,波澜壮阔,1
RT,RT,20
作证,作证,7
事件报告,事件报告,2
人数,人数,5
西雅图,西雅图,2
三倍,三倍,2
值得注意,值得注意,2
大部分,大部分,7
任何人,任何人,8
提起,提起,6
提醒,提醒,6
今晚,今晚,6
九点,九点,5
心路历程,心路历程,4
主持人,主持人,20
协助,协助,2
检举,检举,3
来到,来到,2
旧事,旧事,1
安替,安替,4
坐怀不乱,坐怀不乱,1
柳下惠,柳下惠,1
不加,不加,1
V,V,9
一夜,一夜,2
瞎闹,瞎闹,1
打着,打着,1
大旗,大旗,2
为所欲为,为所欲为,1
可用,可用,1
莫须有,莫须有,1
罪名,罪名,2
打击,打击,4
政敌,政敌,1
期,期,1
编,编,1
创伤,创伤,3
加,加,2
年代久远,年代久远,1
记错,记错,2
控告,控告,4
嚟,嚟,4
一得,一得,1
声价,声价,1
点止,点止,1
百倍,百倍,2
假设,假设,3
情感,情感,3
为难,为难,1
维护,维护,5
限于,限于,2
物以类聚,物以类聚,1
人以,人以,1
羣,羣,1
对垒,对垒,1
阵营,阵营,2
与非,与非,4
道义,道义,2
逻辑思维,逻辑思维,2
程度,程度,6
泾渭分明,泾渭分明,1
文姗,文姗,1
提名者,提名者,1
变故,变故,1
思维,思维,1
怪异,怪异,1
类比,类比,1
不太,不太,1
恰当,恰当,2
大革命,大革命,1
前因后果,前因后果,1
王权,王权,1
势力,势力,2
扩大化,扩大化,1
干,干,4
铲除,铲除,1
异己,异己,1
背景,背景,3
压迫,压迫,3
根本原因,根本原因,2
误伤,误伤,3
夹起尾巴,夹起尾巴,1
做人,做人,1
越轨,越轨,1
受压迫,受压迫,1
阶级,阶级,3
总要,总要,1
发泄,发泄,2
口,口,1
断章取义,断章取义,1
问问,问问,1
缘于,缘于,1
救济,救济,5
已有,已有,4
总体,总体,2
过性,过性,1
应对,应对,3
一千,一千,1
美金,美金,1
一万,一万,1
人民币,人民币,1
包,包,1
老子,老子,9
两千,两千,1
鸡,鸡,2
行不行,行不行,2
轻易,轻易,4
表达出来,表达出来,1
不小,不小,2
成立,成立,4
信用,信用,2
消耗,消耗,1
殆尽,殆尽,1
实质性,实质性,1
扼杀,扼杀,3
正应,正应,1
这句,这句,1
耶鲁大学,耶鲁大学,3
基本概念,基本概念,1
君子,君子,1
报仇,报仇,1
四十年,四十年,1
晚,晚,2
😏,😏,2
💩,💩,1
度,度,1
须要,须要,1
耳,耳,1
残酷,残酷,3
旁证,旁证,1
物证,物证,1
时过,时过,1
一方,一方,1
名不见经传,名不见经传,1
若名,若名,1
经传,经传,1
代价,代价,1
有权有势,有权有势,2
加冕,加冕,1
政党,政党,2
拥护,拥护,1
未来,未来,6
诠释,诠释,1
超级,超级,5
主席,主席,3
钦赐,钦赐,1
思过,思过,2
高僧,高僧,2
一哥,一哥,1
商界,商界,1
钱,钱,2
砸死,砸死,1
蜜兔,蜜兔,1
抓,抓,7
鸡巴,鸡巴,1
宗教法庭,宗教法庭,1
批判,批判,3
免俗,免俗,1
对谈,对谈,1
昨日,昨日,5
悲哀,悲哀,3
新兴,新兴,1
分裂,分裂,5
追诉时效,追诉时效,1
古希腊,古希腊,1
久远,久远,1
不诉,不诉,1
之诉,之诉,1
残忍,残忍,2
虽非,虽非,1
其理,其理,1
明晚,明晚,1
首,首,3
绝非易事,绝非易事,1
明天,明天,2
破产,破产,1
当作,当作,2
坏掉,坏掉,1
玩具,玩具,2
扔掉,扔掉,2
德匹下,德匹下,1
国外,国外,6
如火如荼,如火如荼,5
审查,审查,15
唯恐,唯恐,1
大规模,大规模,2
集会,集会,1
更有甚者,更有甚者,1
对性,对性,1
诉讼,诉讼,5
一大,一大,3
奇观,奇观,1
标哥士,标哥士,1
入狱,入狱,4
冻过,冻过,1
水,水,4
冲击,冲击,2
反思,反思,5
另一番,另一番,1
景象,景象,1
状告,状告,1
唷,唷,1
XD,XD,4
男主,男主,2
换,换,4
N,N,3
次,次,3
剧照,剧照,1
脸,脸,5
杂讯,杂讯,1
化,化,4
放,放,5
无人,无人,2
等等等等,等等等等,1
这剧,这剧,1
腰,腰,1
想不到,想不到,1
赐死,赐死,1
鼓掌欢迎,鼓掌欢迎,1
一季,一季,1
好多,好多,5
第一,第一,4
上诉,上诉,5
庭,庭,2
嗰,嗰,1
三位,三位,1
哋,哋,2
系咪,系咪,1
即系,即系,1
冇,冇,1
大话,大话,2
夜不能寐,夜不能寐,1
正守,正守,1
屏幕,屏幕,1
坐等,坐等,1
希拉里,希拉里,1
第六个,第六个,1
确凿,确凿,1
地点,地点,2
要素,要素,1
不用,不用,4
讲理,讲理,1
竟敢,竟敢,1
辩护,辩护,4
人类,人类,21
图鉴,图鉴,1
翻盘,翻盘,1
特朗普,特朗普,4
深陷,深陷,3
氛围,氛围,2
命运,命运,1
显得,显得,4
摇摆不定,摇摆不定,1
上任,上任,7
变动,变动,1
官称,官称,1
IG,IG,1
用法,用法,1
练锦鸿,练锦鸿,1
田径,田径,1
猥亵,猥亵,14
遭反,遭反,1
上午,上午,3
中央电视台,中央电视台,4
著名,著名,13
两名,两名,9
接到,接到,1
北京市,北京市,1
海淀区,海淀区,1
电话,电话,3
通知,通知,1
起诉书,起诉书,5
意味,意味,1
两人,两人,2
受理,受理,2
正式,正式,6
两,两,2
人均,人均,1
寇斯比,寇斯比,4
认定,认定,2
危险,危险,5
连续型,连续型,1
罪犯,罪犯,5
第一个,第一个,5
男星,男星,6
[,[,20
重温,重温,1
喜剧演员,喜剧演员,5
登记,登记,1
连续性,连续性,1
首位,首位,2
判监,判监,1
名人,名人,22
艺人,艺人,1
坐牢,坐牢,2
送,送,3
两个,两个,19
活该,活该,2
周刊,周刊,3
微博,微博,37
卖烧,卖烧,4
道歉,道歉,6
万元,万元,1
赔偿费,赔偿费,1
罪成,罪成,3
娱圈,娱圈,1
持久战,持久战,1
女权主义,女权主义,7
义务,义务,1
谴责,谴责,9
先驱,先驱,2
毒性,毒性,1
表现,表现,3
宗,宗,1
演艺,演艺,1
演出,演出,2
天才,天才,2
老爹,老爹,2
遭控,遭控,4
多起,多起,1
号,号,10
判处,判处,3
三到,三到,1
十年,十年,3
有期徒刑,有期徒刑,3
怀上,怀上,1
大地,大地,1
惊雷,惊雷,1
坚强,坚强,1
黑夜,黑夜,1
微光,微光,1
理由,理由,2
放弃,放弃,3
断片,断片,1
想屈,想屈,1
果度系,果度系,1
泰国,泰国,1
啲,啲,2
查,查,1
影星,影星,4
考斯比,考斯比,7
手铐,手铐,1
监狱,监狱,5
服刑,服刑,1
牺牲品,牺牲品,1
不知,不知,9
绝大多数,绝大多数,1
考斯,考斯,2
比性,比性,4
侵罪,侵罪,1
收到,收到,9
检举人,检举人,1
北京,北京,11
将会,将会,2
统领,统领,3
无可奈何,无可奈何,2
严厉,严厉,2
打压,打压,19
LGBTQIA,LGBTQIA,2
抓捕,抓捕,1
举,举,1
彩虹,彩虹,1
旗会,旗会,1
演唱会,演唱会,2
心想,心想,1
家庭,家庭,9
独善其身,独善其身,1
加拿大,加拿大,5
要闻,要闻,1
十月,十月,1
标签,标签,11
流传,流传,2
耍流氓,耍流氓,1
区别,区别,3
陷,陷,1
联邦最高法院,联邦最高法院,2
卡瓦纳,卡瓦纳,2
控他,控他,1
高中,高中,4
时性,时性,1
未遂,未遂,6
临床,临床,1
心理学,心理学,1
另一名,另一名,1
就读,就读,1
实施,实施,5
原定,原定,1
表决,表决,1
中秋,中秋,2
团圆,团圆,1
名月,名月,1
东性,东性,2
新进展,新进展,1
路透社,路透社,1
饭局,饭局,1
圈套,圈套,1
俗话说,俗话说,1
村,村,2
店,店,2
渐次,渐次,2
这盘,这盘,1
菜,菜,1
咽不下,咽不下,1
赶紧,赶紧,3
一盘,一盘,1
路边,路边,1
野菜,野菜,1
酱油,酱油,1
排队,排队,2
背着手,背着手,1
叔叔,叔叔,1
用手,用手,1
抓住,抓住,1
下身,下身,1
蒙,蒙,1
也许,也许,8
全身,全身,2
发抖,发抖,2
一眼,一眼,2
队,队,2
几十年,几十年,3
叫喊,叫喊,1
红卫兵,红卫兵,3
打死,打死,1
借慰,借慰,1
抹杀,抹杀,2
岂敢,岂敢,2
人士,人士,19
神圣不可,神圣不可,1
😼,😼,1
这有,这有,2
可比性,可比性,1
乃们,乃们,2
甭管,甭管,1
奥巴,奥巴,1
驴床,驴床,1
破,破,1
无中生有,无中生有,1
来个,来个,2
说声,说声,1
北平,北平,1
一届,一届,3
试试,试试,1
蒸发,蒸发,1
无得,无得,2
调转,调转,1
法伦,法伦,1
左党,左党,1
政客,政客,3
同埋,同埋,1
市议会,市议会,3
政见,政见,1
毒打,毒打,1
粗暴,粗暴,1
刀尖,刀尖,1
左党系,左党系,1
主管,主管,3
言语,言语,3
羞辱,羞辱,10
休假,休假,1
川普,川普,3
自我,自我,14
三天,三天,3
到期,到期,1
昨天,昨天,9
攻击,攻击,14
致电,致电,2
FBI,FBI,4
常规性,常规性,1
闭嘴,闭嘴,3
依赖,依赖,1
微信,微信,7
生活,生活,13
刊发,刊发,1
文章,文章,20
书评,书评,1
主编,主编,1
布鲁玛,布鲁玛,1
挑战,挑战,6
任丽萍,任丽萍,1
可见一斑,可见一斑,1
新一代,新一代,2
不甘,不甘,1
誓,誓,1
推向,推向,1
决心,决心,1
习近,习近,1
宾士,宾士,1
政权,政权,1
习,习,1
前所未有,前所未有,1
德国,德国,3
之声,之声,8
第一次,第一次,5
类,类,4
目标,目标,5
严正,严正,1
遏止,遏止,1
职,职,1
场上,场上,1
碰触,碰触,1
言词,言词,1
邀约,邀约,1
经理,经理,1
雇员,雇员,1
身后,身后,1
一排,一排,1
嘴巴,嘴巴,1
贴著,贴著,1
蓝色,蓝色,1
胶带,胶带,2
动力,动力,1
众多,众多,1
高学历,高学历,1
阐释,阐释,1
知识分子,知识分子,8
面临,面临,2
官方,官方,6
无所不在,无所不在,2
两大,两大,2
敌人,敌人,1
威权,威权,2
轻视,轻视,1
股,股,1
自取灭亡,自取灭亡,1
达赖喇嘛,达赖喇嘛,2
藏族,藏族,2
犯罪者,犯罪者,2
温床,温床,3
无良,无良,1
帮凶,帮凶,4
不行,不行,4
✊,✊,2
黑人,黑人,1
骂人,骂人,4
尼哥,尼哥,1
杂志,杂志,3
本期,本期,2
封面,封面,3
测试,测试,1
TIME,TIME,1
带出,带出,1
自由派,自由派,12
反省,反省,5
政论家,政论家,1
莫之许,莫之许,2
写道,写道,4
酒后,酒后,2
检点,检点,1
实际上,实际上,2
嘲讽,嘲讽,2
诚实,诚实,2
潇潇,潇潇,1
远远,远远,2
导演,导演,10
李,李,5
润泽,润泽,2
因性,因性,4
侵入,侵入,2
狱,狱,2
第一例,第一例,2
大火,大火,2
猛烈,猛烈,2
卷动,卷动,2
带动,带动,1
上街,上街,4
示威抗议,示威抗议,1
聊天,聊天,3
奇妙,奇妙,1
际遇,际遇,1
撩,撩,2
🌚,🌚,1
华人,华人,2
习惯,习惯,3
称呼,称呼,3
美女,美女,2
并常,并常,1
逮捕,逮捕,3
指出,指出,1
却说,却说,1
没人要,没人要,1
丑女,丑女,1
火热,火热,1
宋祖英,宋祖英,1
兔逆袭,兔逆袭,1
男知,男知,1
男女平等,男女平等,2
文化界,文化界,2
老将,老将,1
出庭,出庭,3
卷起,卷起,1
大老,大老,1
导致,导致,7
行动者,行动者,1
张,张,2
累累,累累,1
全国,全国,4
五百强,五百强,1
寄,寄,1
公开信,公开信,5
机制,机制,6
宜信,宜信,1
财富,财富,1
下属,下属,4
学诚,学诚,22
陨落,陨落,1
佛教,佛教,9
创新,创新,1
虽小,虽小,1
顽强,顽强,1
击倒,击倒,2
领导者,领导者,4
倒台,倒台,1
罕见,罕见,4
狼狈逃窜,狼狈逃窜,2
哇塞,哇塞,1
麻壳星,麻壳星,1
坏水,坏水,1
戴安,戴安,1
梵,梵,1
斯坦,斯坦,1
意愿,意愿,5
掺和,掺和,3
明智,明智,1
姑娘,姑娘,9
诺撒,诺撒,1
谎,谎,1
资格,资格,3
抱怨,抱怨,3
一整天,一整天,1
委员会,委员会,4
下周一,下周一,1
时政,时政,1
忠告,忠告,1
听,听,12
讲述,讲述,6
细致,细致,1
狗血,狗血,2
米娅,米娅,2
法罗,法罗,4
小女儿,小女儿,1
伍迪,伍迪,3
艾伦,艾伦,3
关系不大,关系不大,1
亲生,亲生,2
子,子,3
罗南,罗南,2
倒,倒,10
采访报道,采访报道,1
普利策,普利策,1
宋仪,宋仪,1
养女,养女,1
一锅粥,一锅粥,1
可不,可不,1
大选,大选,2
下体,下体,2
录音带,录音带,1
鹦鹉学舌,鹦鹉学舌,1
白宫,白宫,6
川普说,川普说,1
毁掉,毁掉,6
一生,一生,7
诈骗,诈骗,1
山寨,山寨,2
栽,栽,1
骗子,骗子,2
手上,手上,1
安,安,1
裘密,裘密,1
宣称,宣称,1
察觉到,察觉到,1
和平,和平,1
能量,能量,3
选定,选定,1
传递,传递,1
宇宙,宇宙,2
安妮塔,安妮塔,1
希尔,希尔,2
顺利,顺利,2
参选,参选,2
当选,当选,3
大增,大增,1
比例,比例,1
角力,角力,1
克莉丝,克莉丝,1
丁,丁,1
布莱斯,布莱斯,2
阿尼塔,阿尼塔,1
漫长,漫长,1
抹黑,抹黑,6
克里斯,克里斯,1
汀,汀,1
实名,实名,15
茉莉,茉莉,1
温云超,温云超,2
惟恐天下,惟恐天下,1
不乱,不乱,1
搅,搅,2
屎,屎,4
棍,棍,2
满是,满是,1
季节,季节,1
煽,煽,1
阴风,阴风,1
点鬼火,点鬼火,1
打成,打成,1
外国人,外国人,1
权,权,3
温,温,1
某人,某人,2
地带,地带,2
一会,一会,5
奋不顾身,奋不顾身,1
革命,革命,2
移民,移民,11
成全,成全,1
生意,生意,2
敲诈勒索,敲诈勒索,1
恶棍,恶棍,1
本周,本周,3
热读,热读,2
垮台,垮台,3
CBS,CBS,8
首席,首席,3
执行长,执行长,3
娱乐业,娱乐业,3
联合,联合,3
忘,忘,2
造谣,造谣,5
多名,多名,19
女性朋友,女性朋友,2
正当,正当,4
罪行,罪行,3
民主人士,民主人士,2
大佬,大佬,7
这项,这项,1
金盛,金盛,6
集团,集团,6
董事长,董事长,4
入境,入境,2
王某,王某,2
购置,购置,2
飞机,飞机,5
聘请,聘请,2
女秘书,女秘书,2
打理,打理,2
服务,服务,7
秘书,秘书,6
女朋友,女朋友,4
带领,带领,1
溜达,溜达,1
刊出,刊出,1
第二集,第二集,1
播出,播出,1
三十分钟,三十分钟,1
单位,单位,2
访谈,访谈,1
无数,无数,2
关心,关心,4
看护,看护,1
工的,工的,1
在意,在意,3
推友,推友,8
没人,没人,3
苹果,苹果,2
春晚,春晚,1
邓飞,邓飞,6
爆出,爆出,11
同袍,同袍,1
黄章,黄章,2
晋,晋,1
杀死,杀死,2
不安,不安,3
晓雅,晓雅,1
摘要,摘要,1
留言,留言,5
晋以,晋以,1
情谊,情谊,2
描述,描述,2
模糊,模糊,4
公共性,公共性,1
焦点,焦点,2
滚动,滚动,1
内地,内地,6
禁词,禁词,1
网民,网民,9
改为,改为,2
封杀,封杀,7
MUFC,MUFC,11
정,정,2
국,국,1
询问,询问,1
空调,空调,8
安装,安装,1
人员,人员,2
RIPMAC,RIPMAC,9
JK,JK,1
CROENG,CROENG,12
办公室,办公室,8
搬迁,搬迁,4
悉尼,悉尼,8
经济,经济,8
实惠,实惠,4
加速,加速,1
玛丽,玛丽,1
斯特,斯特,1
普查,普查,1
阅,阅,1
资料,资料,7
内部,内部,8
培训,培训,3
方案,方案,2
面向社会,面向社会,1
免费,免费,5
下载,下载,2
解释,解释,2
怎么回事,怎么回事,2
一级,一级,2
京东,京东,4
虚假,虚假,3
公关,公关,1
惹怒,惹怒,1
董座,董座,1
永久,永久,1
禁止入,禁止入,1
韩,韩,5
高跟鞋,高跟鞋,1
防身,防身,1
利器,利器,2
姿势,姿势,2
控性,控性,1
总裁,总裁,3
下台,下台,6
捐,捐,4
亿给,亿给,1
中箭落马,中箭落马,1
美媒,美媒,1
巨头,巨头,3
电子报,电子报,3
P,P,40
全球性,全球性,1
热潮,热潮,3
隐忍,隐忍,5
平反,平反,1
别忘了,别忘了,1
征信,征信,2
社,社,2
阵线,阵线,1
蒐证,蒐证,1
咨商,咨商,2
立达,立达,1
月份,月份,1
六名,六名,2
笑,笑,9
任重道远,任重道远,1
复旦大学,复旦大学,1
纪律处分,纪律处分,1
潜入,潜入,1
女厕,女厕,1
偷怕,偷怕,1
裙底,裙底,2
重罪,重罪,3
宿舍,宿舍,4
吃,吃,5
烧烤,烧烤,4
复旦,复旦,2
邪恶,邪恶,3
管理,管理,1
规则,规则,4
令人遗憾,令人遗憾,4
行业,行业,5
这份,这份,3
做出,做出,6
刺,刺,2
裸,裸,2
鸟类,鸟类,3
NRLW,NRLW,3
消声器,消声器,1
排气,排气,1
展开,展开,14
美国白宫,美国白宫,4
声势浩大,声势浩大,6
自查,自查,4
声明,声明,11
地下党,地下党,4
平和,平和,1
局,局,1
电援队,电援队,1
牌,牌,1
凤梨,凤梨,1
酥,酥,1
线,线,7
更新,更新,3
对视,对视,1
问过,问过,1
维稳办,维稳办,1
对立面,对立面,1
施害,施害,5
背后,背后,11
一套,一套,3
语系,语系,1
最佳,最佳,4
拆分,拆分,1
系统,系统,4
评论,评论,8
怂,怂,2
逼,逼,14
鲤鱼,鲤鱼,1
砖,砖,1
疼痛,疼痛,2
之墙,之墙,1
星河,星河,1
金城武,金城武,1
天,天,5
来源,来源,5
😆,😆,1
接近,接近,4
人口,人口,3
封,封,8
短短几天,短短几天,1
互动,互动,1
庞大,庞大,1
诉求,诉求,3
一点点,一点点,1
议价,议价,1
短短,短短,1
没多久,没多久,1
万,万,3
阅读数,阅读数,1
绝望,绝望,4
举报人,举报人,1
恢复,恢复,1
转发,转发,14
功能,功能,1
环保主义者,环保主义者,2
施加压力,施加压力,2
以令,以令,1
符合,符合,3
该局,该局,2
联邦调查局,联邦调查局,1
武装,武装,1
环保,环保,2
亨利,亨利,3
奥,奥,1
莱利,莱利,1
尝试,尝试,2
捕捉,捕捉,1
问责制,问责制,1
渴望,渴望,2
扭曲,扭曲,4
名声,名声,1
优质,优质,1
干冰,干冰,3
颗粒,颗粒,1
需求,需求,1
查看,查看,2
以下内容,以下内容,1
获取,获取,2
狐狸,狐狸,1
安德鲁,安德鲁,1
石油大学,石油大学,3
层层,层层,2
无路可走,无路可走,2
奶茶,奶茶,1
变抹,变抹,1
茶,茶,1
U,U,1
S,S,1
仙人跳,仙人跳,3
😝,😝,2
立案,立案,6
详见,详见,2
西方,西方,3
几起,几起,4
触摸,触摸,3
女方,女方,8
😊,😊,12
有钱有势,有钱有势,1
人时,人时,1
干什么,干什么,1
这回,这回,2
垃圾,垃圾,4
某东,某东,1
准许,准许,1
回国,回国,1
逃脱,逃脱,1
惩罚,惩罚,5
铝制,铝制,2
堆垛,堆垛,2
机门,机门,2
好处,好处,3
伸缩式,伸缩式,1
纱门,纱门,1
折叠,折叠,1
门,门,3
价格,价格,1
团,团,1
大无畏,大无畏,1
无产阶级,无产阶级,2
再谈,再谈,1
解放,解放,1
全人类,全人类,1
家国,家国,1
天下,天下,2
情怀,情怀,1
迟,迟,1
法师,法师,3
法门寺,法门寺,1
舍利,舍利,2
产业化,产业化,1
佛心,佛心,1
商品化,商品化,1
和尚,和尚,5
清空,清空,2
商业,商业,1
争斗,争斗,1
岳路平,岳路平,1
倡导人,倡导人,1
眼中,眼中,1
一个个,一个个,4
荡妇,荡妇,8
转过身,转过身,1
骂,骂,5
敲诈,敲诈,1
卖淫,卖淫,2
龌龊,龌龊,3
透露,透露,2
有何,有何,1
言论自由,言论自由,3
恶臭,恶臭,4
支那,支那,1
支,支,1
配,配,1
货色,货色,1
蒋方舟,蒋方舟,6
党,党,8
妓,妓,3
童养,童养,1
书记,书记,3
领导,领导,7
随意,随意,2
操,操,2
章子怡,章子怡,1
薄熙来,薄熙来,1
杨澜,杨澜,1
一大堆,一大堆,1
CINA,CINA,1
曝,曝,9
电商,电商,1
美性,美性,1
侵女,侵女,2
女主,女主,1
新浪,新浪,5
账号,账号,4
蒋,蒋,2
娉婷,娉婷,1
当权者,当权者,1
常用,常用,1
漏洞,漏洞,2
把柄,把柄,2
施压,施压,3
有利于,有利于,1
当局,当局,9
活儿,活儿,1
工程,工程,1
最脏,最脏,1
个事,个事,1
前两天,前两天,1
创,创,1
本书,本书,1
留下,留下,2
印象,印象,9
想到,想到,9
猫娘,猫娘,1
喵,喵,4
推上,推上,7
貌似,貌似,1
忸怩作态,忸怩作态,1
顾盼,顾盼,1
自怜,自怜,1
可人,可人,1
香蕉,香蕉,1
小粉,小粉,1
绿,绿,2
圣三一,圣三一,1
神圣,神圣,1
三位一体,三位一体,1
😋,😋,4
😱,😱,3
各路,各路,2
后现代,后现代,3
项目,项目,7
最初,最初,14
策划者,策划者,13
我成,我成,13
残疾人,残疾人,13
令人厌恶,令人厌恶,2
受伤,受伤,5
原谅,原谅,3
本质,本质,19
威望,威望,13
小伙伴,小伙伴,2
生活费,生活费,1
要苦,要苦,1
一阵,一阵,1
呜呜,呜呜,1
本来,本来,10
集够,集够,1
小红花,小红花,2
配捐,配捐,1
多两倍,多两倍,1
答题,答题,1
一不小心,一不小心,1
弄巧成拙,弄巧成拙,1
翻车,翻车,2
古坂大,古坂大,3
魔王,魔王,3
意味着,意味着,11
魔鬼,魔鬼,15
拦截,拦截,11
坚信,坚信,11
屈服于,屈服于,11
困惑,困惑,11
起床,起床,4
一部,一部,7
评分,评分,1
韩剧,韩剧,1
敏感点,敏感点,1
无妨,无妨,1
这部,这部,2
剧,剧,3
剧情,剧情,2
懵懂,懵懂,1
怯懦,怯懦,1
走进,走进,1
闺蜜,闺蜜,2
剧里,剧里,1
不公,不公,4
编剧,编剧,2
😀,😀,2
范爷,范爷,1
联手,联手,2
听过,听过,1
通识,通识,1
城大,城大,1
迎新,迎新,1
疑爆,疑爆,1
气球,气球,1
塞胸,塞胸,1
师兄,师兄,1
裸体,裸体,2
推应加,推应加,1
房屋内,房屋内,1
管道,管道,4
逆,逆,1
循环,循环,1
提示,提示,1
滴滴,滴滴,4
司机,司机,3
奸杀,奸杀,2
外媒,外媒,1
剖析,剖析,2
原因,原因,15
载客,载客,1
艳遇,艳遇,1
途径,途径,8
荒谬,荒谬,1
垄断,垄断,1
市场,市场,1
网约车,网约车,1
后果,后果,1
打车,打车,1
性命,性命,1
象征性,象征性,1
难过,难过,3
公平,公平,2
下半身,下半身,1
动物,动物,3
复盘,复盘,1
外公,外公,1
出生,出生,1
那天,那天,4
日记,日记,1
研究员,研究员,1
庄司,庄司,1
洋加,洋加,1
东京,东京,3
医科大学,医科大学,1
操控,操控,2
入学,入学,1
分数,分数,1
拒之门外,拒之门外,1
讲解,讲解,2
院长,院长,6
别关,别关,1
我党,我党,1
抓到,抓到,1
聚集,聚集,1
群像,群像,1
颠覆,颠覆,3
痴狂,痴狂,1
读,读,1
非典型,非典型,1
那条,那条,1
亚裔,亚裔,2
演员,演员,8
吴恬敏,吴恬敏,1
追寻,追寻,2
豆瓣,豆瓣,5
摄影,摄影,3
我俩,我俩,2
聊得,聊得,1
理光,理光,1
GR,GR,1
扫街,扫街,1
没敢,没敢,1
变到,变到,1
取关,取关,1
行走,行走,1
子宫,子宫,1
太扎心,太扎心,1
成美,成美,2
奖提名,奖提名,2
大热,大热,2
技术,技术,2
流,流,1
解析,解析,2
新闻奖,新闻奖,3
纽,纽,2
哈斯,哈斯,2
创新奖,创新奖,2
片,片,2
三篇,三篇,3
发条,发条,1
体制,体制,10
红线,红线,1
洪,洪,1
阉割,阉割,2
逃掉,逃掉,1
食物,食物,1
南向,南向,1
政策,政策,7
杰哥,杰哥,2
很久很久,很久很久,2
看过,看过,6
回想起来,回想起来,2
先进,先进,3
军中,军中,4
自省,自省,1
土豆,土豆,1
队副儿,队副儿,2
有种,有种,2
受欢迎,受欢迎,1
一回,一回,2
害怕,害怕,4
啥子,啥子,1
吃得开,吃得开,1
要往,要往,1
枪口上,枪口上,1
撞,撞,2
叙利亚,叙利亚,2
难民,难民,2
请求,请求,1
家庭作业,家庭作业,1
房间,房间,4
🤕,🤕,2
恋童,恋童,2
癖,癖,2
兴起,兴起,6
来势汹汹,来势汹汹,2
郭是,郭是,1
黄段子,黄段子,3
盗,盗,1
国贼,国贼,1
欺,欺,1
民贼,民贼,1
中南,中南,1
坑,坑,3
婊子,婊子,2
鬼,鬼,4
林,林,8
投姐,投姐,2
民间,民间,3
有名,有名,1
鬼故事,鬼故事,1
叙述,叙述,1
负心,负心,1
辜负,辜负,2
遂,遂,1
树丛,树丛,1
上吊,上吊,1
身亡,身亡,1
死后,死后,1
化为,化为,1
厉鬼,厉鬼,1
死去,死去,1
现世,现世,1
反击,反击,2
抢救,抢救,1
人生,人生,6
简报,简报,1
新闻简报,新闻简报,1
关键词,关键词,3
血汗,血汗,1
工厂,工厂,1
亚洲,亚洲,4
一对一,一对一,1
指导,指导,1
供应链,供应链,1
大会,大会,3
差别,差别,6
暑假,暑假,2
标,标,2
健身,健身,1
洗完,洗完,1
澡,澡,1
穿,穿,8
更衣室,更衣室,1
走来走去,走来走去,1
记下来,记下来,2
寿光,寿光,2
泄洪,泄洪,1
海南,海南,1
台风,台风,1
疫苗,疫苗,35
俄,俄,1
猪肉,猪肉,1
占座,占座,1
穆绿,穆绿,1
抄袭,抄袭,1
杀妻案,杀妻案,1
卖身契,卖身契,1
合同,合同,2
国牛,国牛,3
令人作呕,令人作呕,2
割,割,1
韭菜,韭菜,2
丹尼尔斯,丹尼尔斯,1
做会,做会,1
塑造成,塑造成,2
鸿,鸿,1
茅,茅,2
药酒,药酒,1
明星,明星,1
逃税,逃税,2
龙泉寺,龙泉寺,23
山东,山东,2
坪,坪,1
山,山,1
租金,租金,1
爆涨,爆涨,1
补充,补充,3
其身,其身,2
不正,不正,2
温斯坦,温斯坦,4
伪善,伪善,2
自主,自主,3
矛盾,矛盾,4
正好,正好,1
看萨利,看萨利,1
机长,机长,1
化妆师,化妆师,1
趁著,趁著,1
主角,主角,2
擦汗,擦汗,1
亲,亲,2
事实上,事实上,5
常见,常见,2
变得,变得,2
令人恶心,令人恶心,1
统一,统一,1
人能,人能,1
尺度,尺度,1
冒犯,冒犯,1
标准答案,标准答案,1
更何况,更何况,4
息息相关,息息相关,1
加害者,加害者,4
参考,参考,3
큼,큼,1
은,은,1
大S,大S,1
PACE,PACE,1
EARTH,EARTH,1
장,장,4
最恶,最恶,1
서,서,2
BIG,BIG,1
끔,끔,1
찍,찍,1
KOREA,KOREA,1
입,입,1
少年,少年,2
朱军案,朱军案,1
困难重重,困难重重,1
小柔,小柔,3
代理律师,代理律师,1
南昌大学,南昌大学,3
前国,前国,1
副,副,5
周斌,周斌,2
波登,波登,4
女友,女友,2
否认,否认,3
勒索,勒索,1
付钱,付钱,1
名义,名义,3
惊人,惊人,2
重申,重申,1
完完全全,完完全全,1
乐趣,乐趣,2
发起人,发起人,11
义大利,义大利,8
传性,传性,3
并付,并付,2
万遮口费,万遮口费,2
基多,基多,8
爆料,爆料,10
牵涉,牵涉,2
兼,兼,3
摇滚乐手,摇滚乐手,1
班,班,2
尼特,尼特,1
近日,近日,9
曝出,曝出,3
男演员,男演员,4
裔,裔,2
艾莎,艾莎,4
称其,称其,1
安东尼,安东尼,1
美食,美食,1
离世,离世,1
生前,生前,3
患有,患有,2
抑郁症,抑郁症,2
付,付,1
封口费,封口费,1
传言,传言,1
恋爱,恋爱,2
出轨,出轨,1
导火索,导火索,1
一班,一班,1
女作家,女作家,7
随即,随即,2
颁,颁,3
强暴犯,强暴犯,4
兄弟,兄弟,1
̍,̍,1
延绵,延绵,1
系统性,系统性,1
渐入佳境,渐入佳境,1
观察,观察,2
主义者,主义者,3
加害人,加害人,1
方丈,方丈,2
名嘴,名嘴,1
一波米,一波米,1
保证,保证,1
入,入,1
睇,睇,5
文,文,7
时尚资讯,时尚资讯,1
►,►,4
精彩,精彩,3
ㄌ,ㄌ,1
制片,制片,3
传出,传出,5
贴文,贴文,1
相聚,相聚,1
生命,生命,3
幸福,幸福,1
童星,童星,2
罗丝,罗丝,1
麦,麦,2
高温,高温,2
鳄,鳄,3
哈维,哈维,5
韦,韦,7
恩斯,恩斯,8
坦性,坦性,1
侵时,侵时,4
号召,号召,2
说辞,说辞,1
痛斥,痛斥,1
缺德,缺德,1
懦夫,懦夫,2
未成年,未成年,1
纽时,纽时,1
发推,发推,2
情形,情形,1
一无所知,一无所知,1
赚钱,赚钱,2
惊爆,惊爆,1
艾,艾,2
希亚,希亚,1
吉米,吉米,1
奈特,奈特,1
退出,退出,1
别演,别演,1
配合,配合,1
演技,演技,1
玩弄,玩弄,1
糟蹋,糟蹋,1
广,广,1
交易,交易,9
华语,华语,1
区,区,3
爆特爆,爆特爆,1
清一清,清一清,1
扫一扫,扫一扫,1
创始人,创始人,3
旅馆,旅馆,1
不到,不到,10
合法,合法,2
年龄,年龄,7
息事宁人,息事宁人,1
赔付,赔付,1
费,费,1
最早,最早,1
坦,坦,6
模特,模特,3
NYT,NYT,1
早上,早上,4
录制,录制,1
分钟,分钟,2
采访,采访,5
亲述,亲述,1
伸进,伸进,2
罢,罢,1
两只手,两只手,1
扣住,扣住,1
脑袋,脑袋,2
强吻,强吻,5
点进,点进,1
本文,本文,1
TV,TV,1
发了,发了,3
推,推,10
德国人,德国人,2
机场,机场,1
亲身经历,亲身经历,2
乱发,乱发,1
一通,一通,1
早期,早期,2
温斯顿,温斯顿,1
曾于,曾于,1
宾馆,宾馆,1
年仅,年仅,1
詹姆斯,詹姆斯,1
内特,内特,1
该加,该加,1
人格,人格,2
头像,头像,2
不符,不符,1
就让,就让,1
🀄,🀄,1
大连,大连,1
中院,中院,1
庭审,庭审,2
凯文,凯文,2
史,史,5
贝西,贝西,2
拖垮,拖垮,1
新片,新片,1
首日,首日,1
票房,票房,4
元,元,7
亿万,亿万,1
朱某,朱某,1
热,热,5
搜,搜,2
干净,干净,2
地被,地被,1
撤,撤,1
凤凰网,凤凰网,1
官博,官博,1
删博,删博,1
存,存,2
女工,女工,1
此文,此文,3
登载,登载,1
炸,炸,3
FT,FT,22
中文网,中文网,2
生育,生育,1
税,税,1
单身,单身,1
税连,税连,1
插,插,1
两刀,两刀,1
逆潮,逆潮,1
安熙,安熙,5
正性,正性,1
一审,一审,1
轻度,轻度,1
SM,SM,1
爱好者,爱好者,1
清新,清新,1
网剧,网剧,1
紧跟,紧跟,1
时事,时事,2
片子,片子,2
协会,协会,1
决赛,决赛,4
入围者,入围者,1
共有,共有,1
篇,篇,2
君,君,1
专开,专开,1
手法,手法,2
幕后,幕后,2
强奸犯,强奸犯,9
见长,见长,1
吊是,吊是,1
CCAV,CCAV,2
朱军性,朱军性,4
ID,ID,3
性犯罪,性犯罪,2
匿名,匿名,8
渠道,渠道,1
七夕,七夕,1
简介,简介,1
胡扯,胡扯,1
八蛋,八蛋,1
无知,无知,1
白富,白富,1
闹,闹,4
脱光,脱光,1
扑,扑,1
妹子,妹子,2
微,微,2
几期,几期,1
删帖,删帖,8
封锁,封锁,6
稍微,稍微,1
鸡汤,鸡汤,1
和谐,和谐,8
LGBTQ,LGBTQ,2
自然,自然,1
无影无踪,无影无踪,1
抛开,抛开,1
色色,色色,1
噱头,噱头,1
邻人,邻人,1
之妻,之妻,1
别具,别具,1
深意,深意,1
大胆,大胆,2
探索,探索,1
欲望,欲望,2
从属,从属,1
却是,却是,1
从性,从性,1
乌托邦,乌托邦,1
社区,社区,1
建制,建制,1
蔑视,蔑视,1
奇怪的是,奇怪的是,1
音译,音译,1
两天,两天,4
几位,几位,3
男童,男童,1
父母,父母,3
虔诚,虔诚,2
祷告,祷告,1
花,花,2
大半辈子,大半辈子,1
之名,之名,1
释昭慧,释昭慧,1
佛门,佛门,2
中人,中人,1
掩耳盗铃,掩耳盗铃,1
宗教界,宗教界,3
频频,频频,1
此类,此类,2
且常,且常,1
知而,知而,1
不报,不报,1
个体,个体,7
当责,当责,1
结构性,结构性,1
根源,根源,3
发布,发布,5
拥有者,拥有者,1
一个样,一个样,1
鸦片,鸦片,1
刚刚,刚刚,4
压下去,压下去,2
帖子,帖子,3
朱,朱,2
名誉权,名誉权,1
校方,校方,7
劝阻,劝阻,1
审判,审判,4
乐观,乐观,1
平时,平时,1
圈里,圈里,1
蹦,蹦,1
跶,跶,1
得欢,得欢,1
理会,理会,1
有位,有位,1
过问,过问,1
此事,此事,2
一丝丝,一丝丝,1
温暖,温暖,2
会长,会长,6
诱奸,诱奸,1
女尼,女尼,2
勒令,勒令,2
出国,出国,1
九评,九评,1
编辑部,编辑部,2
统治,统治,2
第十章,第十章,1
合法化,合法化,1
常态,常态,1
共产,共产,1
CCP,CCP,1
释,释,16
难以,难以,11
触及,触及,2
耻辱,耻辱,1
女弟子,女弟子,7
囯,囯,2
体量,体量,1
社会舆论,社会舆论,1
自白,自白,3
囧,囧,3
星人,星人,3
赔,赔,4
一千元,一千元,1
朱军会,朱军会,1
财务,财务,2
L,L,2
辞去,辞去,1
中国佛教协会,中国佛教协会,3
有用,有用,1
偶,偶,1
😈,😈,2
正,正,9
金志,金志,2
恩,恩,2
内性,内性,1
四次,四次,1
对此,对此,3
宣告无罪,宣告无罪,1
美容院,美容院,1
头发,头发,1
文在寅,文在寅,2
接班人,接班人,3
奥地利,奥地利,3
非法,非法,2
水平,水平,2
高出,高出,1
这事,这事,4
民主党人,民主党人,1
冲着,冲着,2
床破大坏,床破大坏,2
结束,结束,5
政变,政变,3
方式,方式,8
赶下台,赶下台,1
出手,出手,1
偏,偏,2
文艺,文艺,1
大本营,大本营,1
打到,打到,1
老巫婆,老巫婆,1
太上皇,太上皇,1
这正应,这正应,1
那句话,那句话,1
灭亡,灭亡,1
必先,必先,1
疯狂,疯狂,3
古老,古老,1
不服,不服,3
NYU,NYU,1
坐,坐,11
实性,实性,1
侵男,侵男,1
担保,担保,1
恶意,恶意,9
双标,双标,1
辞任,辞任,1
佛教协会,佛教协会,2
申请,申请,3
政庇,政庇,7
言之凿凿,言之凿凿,1
海边,海边,1
吹冷风,吹冷风,1
打肿脸充胖子,打肿脸充胖子,1
墨镜,墨镜,2
🕶,🕶,1
反光,反光,1
本事,本事,1
几步,几步,1
自编,自编,1
自导自演,自导自演,1
一出,一出,2
烂戏,烂戏,1
祕,祕,1
书,书,2
获判,获判,1
引,引,3
反弹,反弹,1
ア,ア,1
ン,ン,2
・,・,2
ヒ,ヒ,1
ジ,ジ,1
ョ,ョ,1
안,안,1
희,희,1
我家,我家,2
重男轻女,重男轻女,1
邻居,邻居,2
我妈,我妈,1
无动于衷,无动于衷,1
连问,连问,1
懒时,懒时,1
剩下,剩下,5
哀,哀,1
莫大,莫大,1
于心,于心,2
玩玩,玩玩,2
轮到,轮到,2
我旦,我旦,1
生科院,生科院,1
杨雄里,杨雄里,2
兽,兽,3
🙂,🙂,2
推特圈,推特圈,1
生存权,生存权,1
尊严,尊严,4
上前,上前,1
几天,几天,8
呐喊,呐喊,1
助威,助威,1
守规矩,守规矩,1
第一天,第一天,1
见面,见面,1
摸,摸,13
熟人,熟人,4
旁边,旁边,1
纽大,纽大,1
一封,一封,2
信,信,4
猜猜,猜猜,1
作何,作何,1
十号,十号,2
人流量,人流量,1
地区,地区,2
苹道,苹道,1
许仁硕,许仁硕,1
杉田,杉田,1
政治路线,政治路线,1
生理,生理,1
身分,身分,1
大谈,大谈,1
人物,人物,3
不便,不便,1
出口,出口,3
心中,心中,1
藏有,藏有,2
选民,选民,1
安心,安心,1
认同,认同,2
母校,母校,1
交换,交换,1
场所,场所,1
何谓,何谓,1
采取行动,采取行动,2
要件,要件,1
被害人,被害人,7
一连串,一连串,2
忍气吞声,忍气吞声,1
讨回公道,讨回公道,1
稀少,稀少,1
困难,困难,3
司法部门,司法部门,1
不抱,不抱,1
上官,上官,1
缺失,缺失,1
无门,无门,1
纾解,纾解,1
郁结,郁结,1
追责,追责,1
延烧,延烧,7
青杏酱,青杏酱,1
女伴,女伴,2
过夜,过夜,1
推开,推开,1
信号,信号,1
有下,有下,2
举动,举动,4
游行,游行,5
戴,戴,3
中医药大学,中医药大学,1
导师,导师,2
梁栋,梁栋,1
冲破,冲破,1
网封,网封,1
集结,集结,3
走过,走过,8
主意,主意,8
计划,计划,1
我系,我系,1
住,住,1
写真,写真,3
露点,露点,1
日领,日领,1
衣服,衣服,6
回去,回去,5
石川,石川,2
优实,优实,2
得罪,得罪,1
行过,行过,2
桥,桥,2
次数,次数,2
云,云,3
种类,种类,2
酒,酒,3
爱过,爱过,2
庆幸,庆幸,2
收获,收获,1
成果,成果,2
DG,DG,1
转转,转转,1
沈从文,沈从文,1
灭,灭,1
手动,手动,2
咪,咪,1
神奇,神奇,2
译名,译名,1
层出不穷,层出不穷,2
孟,孟,1
保重,保重,1
得以,得以,1
长存,长存,1
西安,西安,2
中贸,中贸,2
广场,广场,4
墙,墙,2
这起,这起,3
台版,台版,1
前年,前年,1
造型师,造型师,1
脸书,脸书,1
开,开,3
泣诉,泣诉,1
秦伟,秦伟,3
不顾,不顾,1
强力,强力,1
得逞,得逞,1
跟进,跟进,1
遭性,遭性,4
神隐,神隐,1
宣告,宣告,1
合并,合并,1
执行,执行,1
徒刑,徒刑,1
胡,胡,2
试着,试着,1
艾勒里,艾勒里,3
改,改,4
重讲,重讲,3
受创,受创,3
摄影展,摄影展,3
早餐,早餐,3
一文,一文,3
展示,展示,3
主流,主流,5
刻板,刻板,4
世界各地,世界各地,3
曾受,曾受,1
鼓起勇气,鼓起勇气,1
被誉为,被誉为,1
忠清南道,忠清南道,1
知事,知事,1
曾多次,曾多次,1
解决问题,解决问题,22
事事,事事,1
学姐,学姐,1
颜值,颜值,1
顾忌,顾忌,1
求刑,求刑,1
自愿,自愿,1
滨小布,滨小布,1
名节,名节,1
太多太多,太多太多,2
逮,逮,1
没分,没分,1
撩下,撩下,1
闹点,闹点,1
老实,老实,2
勤奋,勤奋,1
专注,专注,1
混到,混到,1
阶层,阶层,1
顺眼,顺眼,2
调情,调情,7
广告,广告,1
漫漫,漫漫,1
历史长河,历史长河,1
耀眼,耀眼,1
一笔,一笔,1
前行,前行,1
发言,发言,4
创业,创业,2
淘宝,淘宝,2
独品,独品,1
商店,商店,2
一群,一群,4
粮仓,粮仓,1
产业,产业,2
量力,量力,1
予以,予以,1
劳动成果,劳动成果,1
汇集,汇集,1
转化成,转化成,1
发散,发散,1
坐电梯,坐电梯,1
糖果,糖果,2
电梯,电梯,6
哥哥,哥哥,1
眼神,眼神,2
接触,接触,1
敏感,敏感,6
是否是,是否是,1
停止,停止,1
朋友圈,朋友圈,3
热门,热门,3
失效,失效,1
纠偏,纠偏,2
多样,多样,1
发挥作用,发挥作用,1
七天,七天,2
热度,热度,1
忍忍,忍忍,1
圈,圈,44
点子,点子,1
这一波,这一波,1
眼看,眼看,2
遗忘,遗忘,1
有心人,有心人,1
注册,注册,1
装死,装死,1
雷闯,雷闯,2
冯永锋,冯永锋,1
不怕死,不怕死,1
少女,少女,6
文学创作,文学创作,1
发错,发错,1
北七,北七,1
左疯,左疯,1
彬彬有礼,彬彬有礼,1
绅士,绅士,1
大法,大法,1
杀人,杀人,1
恐怖主义,恐怖主义,1
分子,分子,1
却大爱,却大爱,1
无疆,无疆,1
推波助澜,推波助澜,1
个个,个个,1
助纣为虐,助纣为虐,1
放眼,放眼,1
当今世界,当今世界,2
相,相,1
抗衡,抗衡,1
LGBT,LGBT,2
ا,ا,3
ل,ل,3
ه,ه,1
أ,أ,1
ك,ك,1
ب,ب,2
ر,ر,2
下单,下单,1
帐号,帐号,3
裙子,裙子,2
长时间,长时间,1
辛苦,辛苦,1
生存,生存,3
坦然,坦然,1
心仪,心仪,1
很久,很久,1
舍不得,舍不得,2
吾辈,吾辈,1
勉励,勉励,1
杯酒,杯酒,1
姐们,姐们,2
备注,备注,2
品行,品行,1
爱惜,爱惜,1
拚命,拚命,1
付出,付出,1
同类,同类,2
偷拍,偷拍,5
恶行,恶行,1
色情片,色情片,2
英媒,英媒,1
成千上万,成千上万,1
走上,走上,1
首尔,首尔,1
街头,街头,2
敦促,敦促,1
偷窥者,偷窥者,1
相机,相机,1
遮住,遮住,1
举著,举著,1
盛行,盛行,7
字眼,字眼,2
标语牌,标语牌,1
读者,读者,3
来函,来函,1
公知,公知,17
衰落,衰落,1
指责,指责,7
大鸣大放,大鸣大放,3
大字报,大字报,4
行得通,行得通,1
何不,何不,1
肉糜,肉糜,1
热闹,热闹,1
外有,外有,1
中美,中美,1
贸易战,贸易战,13
有假,有假,1
不太受,不太受,1
中超,中超,1
凑热闹,凑热闹,1
长春亚泰,长春亚泰,1
主场,主场,1
赛,赛,1
上海申花,上海申花,1
张力,张力,1
申花,申花,1
塞内加尔,塞内加尔,1
外援,外援,1
丹巴,丹巴,1
巴亚,巴亚,2
连呼,连呼,1
向来,向来,3
和善,和善,1
算账,算账,1
换来,换来,4
黄牌,黄牌,1
滑稽,滑稽,1
🔚,🔚,1
远古,远古,1
祖先,祖先,1
迷茫,迷茫,2
群居动物,群居动物,1
请教,请教,1
贪婪,贪婪,1
遮羞,遮羞,1
作家,作家,7
重灾区,重灾区,1
那厮,那厮,2
东东,东东,1
看不到,看不到,3
蹭,蹭,8
热点,热点,1
扩至,扩至,1
警队,警队,2
女警,女警,2
揭遭,揭遭,1
警长,警长,2
谭香文,谭香文,1
公务员,公务员,1
几周,几周,1
宋妈,宋妈,1
半天,半天,2
ASU,ASU,1
石油,石油,2
面前,面前,5
保安,保安,1
抢走,抢走,1
本该,本该,1
电话录音,电话录音,1
情,情,2
田子坊,田子坊,1
无聊,无聊,2
老公,老公,3
吃火锅,吃火锅,1
照片,照片,2
眼,眼,1
净土,净土,2
宗教信仰,宗教信仰,1
教堂,教堂,1
寺庙,寺庙,2
负责人,负责人,1
共产党,共产党,4
干部,干部,1
作风,作风,1
羔羊,羔羊,1
湖南大学,湖南大学,1
熊广基,熊广基,1
熊,熊,2
年轻气盛,年轻气盛,1
难免,难免,2
图为,图为,2
穿衣服,穿衣服,1
揭,揭,3
隐蔽性,隐蔽性,1
任继长,任继长,3
校长,校长,4
非常感谢,非常感谢,2
杭州,杭州,3
二中,二中,1
毕业生,毕业生,2
优秀,优秀,3
海外,海外,6
相比,相比,3
劝说,劝说,1
妥协,妥协,1
毫无保留,毫无保留,1
校友,校友,3
文明,文明,5
持有,持有,1
正义感,正义感,2
谢谢你们,谢谢你们,1
陈,陈,4
一发,一发,2
儿唱,儿唱,1
广东,广东,2
爱情故事,爱情故事,2
话说回来,话说回来,1
唱,唱,2
三从四德,三从四德,1
热门话题,热门话题,1
截图,截图,4
TL,TL,4
边缘性,边缘性,1
虚荣心,虚荣心,1
常识,常识,3
想像,想像,2
猥琐,猥琐,1
褒奖,褒奖,1
遇上,遇上,2
省级,省级,1
投诉者,投诉者,1
变性人,变性人,2
多伦多,多伦多,1
庇护,庇护,2
暂住,暂住,1
向安省,向安省,1
住处,住处,1
入住,入住,1
室友,室友,2
闪回,闪回,1
送医,送医,1
措辞,措辞,1
变性,变性,1
头,头,3
缩小,缩小,1
发,发,5
明明,明明,5
像是,像是,2
嫌疑犯,嫌疑犯,1
提防,提防,1
排斥,排斥,1
称得上,称得上,1
迫害,迫害,2
眼泪,眼泪,1
发达国家,发达国家,1
发展中国家,发展中国家,1
再度,再度,3
住持,住持,7
监释,监释,2
贤佳,贤佳,1
释贤启,释贤启,2
撰写,撰写,1
十多页,十多页,1
情况汇报,情况汇报,2
舆论哗然,舆论哗然,1
嫌,嫌,2
听听,听听,2
发端,发端,1
欸,欸,1
有通,有通,1
指点,指点,1
贸易,贸易,1
保护主义,保护主义,2
范冰冰,范冰冰,1
精心培养,精心培养,1
爱国,爱国,1
代言人,代言人,2
撒种,撒种,1
机,机,1
错上加错,错上加错,1
🈲,🈲,1
言中,言中,1
习近平,习近平,22
宝,宝,1
工党,工党,1
位女,位女,1
澳男,澳男,1
拉开序幕,拉开序幕,1
名寺,名寺,1
监,监,3
检举信,检举信,1
事务局,事务局,1
寺院,寺院,1
AT,AT,1
DOC,DOC,1
转载,转载,7
未经,未经,2
核实,核实,1
发到,发到,1
邮箱,邮箱,1
三十年,三十年,1
大辩论,大辩论,4
撕裂,撕裂,7
裂痕,裂痕,3
小编,小编,3
不忍,不忍,1
直视,直视,2
标题,标题,2
阿弥陀佛,阿弥陀佛,1
佛,佛,3
临睡前,临睡前,1
小视频,小视频,1
♥,♥,1
加料,加料,1
❗,❗,1
每次,每次,5
点名,点名,1
主动,主动,3
教学,教学,3
摸索,摸索,1
发挥,发挥,5
效仿,效仿,1
复制,复制,1
经营,经营,1
品牌,品牌,2
打造,打造,1
温度,温度,1
团队,团队,3
女王,女王,1
KCW,KCW,1
经销商,经销商,1
斯蒂芬,斯蒂芬,1
金,金,2
美剧,美剧,1
城堡,城堡,1
岩,岩,2
第四集,第四集,1
猜测,猜测,2
小朋友,小朋友,2
牧师,牧师,5
旋风,旋风,2
官场,官场,3
丑态,丑态,1
裂变,裂变,1
刮到,刮到,1
炮仗,炮仗,1
效应,效应,2
挡,挡,1
多种,多种,1
泛亚,泛亚,66
官骗,官骗,21
董瑶琼,董瑶琼,19
ABC,ABC,22
AFP,AFP,21
BBC,BBC,27
NEWS,NEWS,14
TVB,TVB,14
CCTV,CCTV,11
UN,UN,11
WTO,WTO,22
ZTE,ZTE,14
美中,美中,11
唐人,唐人,12
新华社,新华社,11
引述,引述,1
中国网民,中国网民,1
曰,曰,1
我佛,我佛,1
牛,牛,4
套用,套用,2
关键字,关键字,2
写出,写出,3
辣椒,辣椒,2
淫荡,淫荡,1
想像力,想像力,1
算不算,算不算,3
教室,教室,2
啪啪,啪啪,1
啪,啪,1
荷兰,荷兰,3
皇家,皇家,3
音乐厅,音乐厅,3
乐团,乐团,3
总指挥,总指挥,3
炒,炒,3
打心,打心,1
阴功,阴功,1
二奶,二奶,1
命,命,1
到位,到位,1
武汉大学,武汉大学,2
博士生,博士生,2
广东外语外贸大学,广东外语外贸大学,2
陈国昌,陈国昌,1
图中,图中,1
皆,皆,1
注明,注明,1
婚后,婚后,1
夫姓,夫姓,1
陋习,陋习,2
鼓舞,鼓舞,1
小寒,小寒,2
木头,木头,1
忍受着,忍受着,1
感,感,4
清醒,清醒,1
地过,地过,1
三年,三年,1
挣扎,挣扎,2
做点,做点,1
雷,雷,2
闯,闯,2
住手,住手,1
对付,对付,1
鞭刑,鞭刑,1
延烧到,延烧到,2
佛教界,佛教界,1
色即是空,色即是空,1
空即是色,空即是色,1
见闻,见闻,1
麻木,麻木,2
还好,还好,1
带到,带到,1
世上,世上,3
不愿,不愿,3
冒险,冒险,1
追加,追加,1
不好,不好,4
没法,没法,4
一帮,一帮,2
傻,傻,6
色情,色情,4
这样的话,这样的话,1
打官司,打官司,1
操守,操守,1
想想,想想,5
正当性,正当性,1
两周,两周,2
挣脱,挣脱,1
重重,重重,1
桎梏,桎梏,1
原貌,原貌,1
呈现,呈现,1
果断,果断,1
摘除,摘除,1
蒙面,蒙面,1
头巾,头巾,1
罩袍,罩袍,1
布,布,1
基尼,基尼,1
亮丽,亮丽,1
全球化,全球化,1
男权,男权,4
性霸凌,性霸凌,1
两性生活,两性生活,1
文明化,文明化,1
现代化,现代化,1
换成,换成,2
照样,照样,2
源文件,源文件,1
阴谋论,阴谋论,4
端木,端木,2
段子,段子,1
编出来,编出来,1
著,著,10
打假,打假,1
存档,存档,1
生效,生效,2
新纪录,新纪录,1
谭伯牛,谭伯牛,1
体现,体现,4
亲疏,亲疏,1
施暴者,施暴者,1
完整版,完整版,1
老不死,老不死,1
老狗,老狗,1
百万,百万,1
寂寞,寂寞,1
一想,一想,2
交往,交往,4
猫,猫,1
翔实,翔实,1
有凭有据,有凭有据,1
全网,全网,4
石沉大海,石沉大海,1
伪,伪,2
伤心,伤心,1
脑子里,脑子里,1
坏,坏,3
绳之以法,绳之以法,1
惩戒,惩戒,1
力度,力度,1
之轻,之轻,1
保存,保存,1
云盘,云盘,1
举报信,举报信,3
快速,快速,1
从前,从前,1
检索,检索,1
文本,文本,3
识别,识别,2
围追堵截,围追堵截,1
扼住,扼住,1
喉咙,喉咙,2
紧,紧,2
仲夏,仲夏,2
国父,国父,1
搁,搁,1
国企,国企,2
网红,网红,1
裆,裆,1
王,王,3
闷心,闷心,1
自问,自问,1
杨,杨,2
他妈的,他妈的,3
交,交,1
移民局,移民局,2
THU,THU,1
剃度,剃度,1
出家,出家,1
提及,提及,1
原文,原文,2
长达,长达,1
页,页,3
提取,提取,1
贤启,贤启,1
释贤佳,释贤佳,2
发个,发个,1
妻子,妻子,2
信任,信任,2
谅解,谅解,1
推导,推导,1
下药,下药,7
下落,下落,1
围观,围观,2
围德,围德,1
撸,撸,4
论调,论调,2
小三刷,小三刷,1
绿帽,绿帽,1
旁友们,旁友们,1
二次,二次,3
精髓,精髓,1
遭致,遭致,1
第二次,第二次,2
发誓,发誓,1
鸡鸡,鸡鸡,2
编段,编段,1
相声,相声,1
新新人类,新新人类,1
所言,所言,1
所行,所行,1
先民,先民,1
此时此地,此时此地,1
此人,此人,1
价值观,价值观,3
规训,规训,1
彼地,彼地,1
彼人,彼人,1
古人,古人,2
大洋洲,大洋洲,1
原始部落,原始部落,1
用不着,用不着,4
阶段,阶段,4
邓,邓,3
诤友,诤友,1
合力,合力,1
相劝,相劝,1
早,早,4
认错,认错,1
侥幸,侥幸,1
负荆请罪,负荆请罪,1
采纳,采纳,2
建言,建言,1
扛,扛,1
损友,损友,1
单等,单等,1
风头,风头,1
早发,早发,1
尚余,尚余,1
敢作敢当,敢作敢当,1
那点,那点,1
虚名,虚名,2
浮利,浮利,1
聪明反被聪明误,聪明反被聪明误,1
自作孽,自作孽,1
惋惜,惋惜,1
瞬间,瞬间,3
全,全,2
🐷,🐷,2
大发,大发,1
妈呀,妈呀,1
看着,看着,3
佛界,佛界,1
下场,下场,1
作法,作法,2
渺小,渺小,1
脑洞,脑洞,1
活久见,活久见,1
G,G,2
EASY,EASY,1
党国,党国,2
改良,改良,4
脱困,脱困,1
抛出,抛出,3
大鱼,大鱼,1
全国政协,全国政协,1
常委,常委,1
全国青联,全国青联,1
这得,这得,1
部级,部级,1
仿章,仿章,1
鄢烈山,鄢烈山,6
慕容雪,慕容雪,1
意外,意外,1
一众,一众,1
肉体,肉体,1
传销,传销,1
窝,窝,1
可信度,可信度,1
呈交,呈交,1
不法行为,不法行为,2
汇,汇,1
隐藏,隐藏,2
危机,危机,2
视而不见,视而不见,2
辟谣,辟谣,1
赞敢,赞敢,1
点开,点开,1
足见,足见,1
腐败,腐败,1
凤凰,凤凰,1
好像,好像,6
样子,样子,3
没事儿,没事儿,1
读书,读书,1
三言二拍,三言二拍,1
道貌岸然,道貌岸然,3
迷奸,迷奸,7
叔,叔,1
瞧不起,瞧不起,3
两口子,两口子,1
精,精,1
物理,物理,1
数字,数字,2
计算,计算,1
很酷,很酷,1
坦白,坦白,1
地说,地说,2
我持,我持,1
谨慎,谨慎,2
异性,异性,3
该是,该是,3
揭开,揭开,3
伤口,伤口,3
合理化,合理化,1
过错,过错,1
行为规范,行为规范,1
男尊女卑,男尊女卑,1
男主外,男主外,1
女主内,女主内,1
男女授受不亲,男女授受不亲,1
适合,适合,22
身材,身材,1
那种,那种,3
不需,不需,1
修改,修改,1
论文,论文,1
条理清晰,条理清晰,2
格式,格式,2
规整,规整,2
价值,价值,10
争论,争论,5
抢劫,抢劫,1
疑案,疑案,1
肯定,肯定,7
难处,难处,1
使性,使性,1
立此存照,立此存照,2
基层,基层,3
事业单位,事业单位,2
编者按,编者按,2
系列,系列,5
清华,清华,6
常江,常江,3
定时,定时,2
自述,自述,3
不适,不适,2
特此,特此,3
裤子,裤子,2
环顾四周,环顾四周,1
法治,法治,8
层面,层面,3
理论,理论,2
模型,模型,1
启动,启动,3
专制制度,专制制度,1
帝国,帝国,1
首都,首都,1
一丛,一丛,1
绿草,绿草,3
家属,家属,4
沈梦雨,沈梦雨,8
逃离,逃离,2
香格里拉,香格里拉,1
华涌,华涌,1
世界观,世界观,1
不尽相同,不尽相同,1
专制,专制,3
焦土,焦土,1
破土而出,破土而出,1
民运,民运,5
六四,六四,1
屠杀,屠杀,1
连茵,连茵,1
迎接,迎接,1
春风,春风,1
凌晨,凌晨,2
一篇,一篇,10
邓飞性,邓飞性,1
创痛,创痛,1
缠绕,缠绕,1
内文有,内文有,1
震动,震动,2
洗澡,洗澡,2
借着,借着,3
类人,类人,1
兴趣不大,兴趣不大,1
闻风而至,闻风而至,1
脱,脱,1
沙发,沙发,1
念叨,念叨,1
屈辱,屈辱,3
抹,抹,1
润滑油,润滑油,1
祝你愉快,祝你愉快,1
再见,再见,1
有没有,有没有,7
屏蔽,屏蔽,7
伤及,伤及,1
烦死,烦死,1
妻离子散,妻离子散,2
多大,多大,1
夫,夫,1
离子,离子,1
散,散,2
瞎,瞎,1
没权没势,没权没势,1
被治,被治,1
位置,位置,1
明白人,明白人,2
自上而下,自上而下,1
制约,制约,1
高潮,高潮,2
还米,还米,1
兔个,兔个,1
屁,屁,2
深受其害,深受其害,1
抑郁,抑郁,2
边缘,边缘,2
表情,表情,1
纳入,纳入,1
日常,日常,1
午间,午间,1
调侃,调侃,1
对话,对话,1
没想,没想,1
道德,道德,10
评价,评价,4
伤感,伤感,1
推圈,推圈,1
题材,题材,2
年度,年度,1
大戏,大戏,1
⚡,⚡,1
撕,撕,2
疯狗,疯狗,1
咬,咬,1
性史,性史,1
交待,交待,2
一遍,一遍,1
永恒,永恒,1
严肃,严肃,2
八卦,八卦,4
检讨,检讨,2
偷窥,偷窥,1
欲,欲,1
光亮,光亮,1
指性,指性,2
评女,评女,1
谎言,谎言,1
纷纷,纷纷,8
锁定,锁定,3
施,施,1
孤证,孤证,1
不立,不立,1
应是,应是,2
裸叔,裸叔,4
学了,学了,1
所学,所学,1
用于,用于,1
一人,一人,1
气愤,气愤,1
要切,要切,1
刹住,刹住,1
讲下去,讲下去,1
华东,华东,1
同级,同级,1
梁盛煜,梁盛煜,2
梁是,梁是,1
分手,分手,1
两年,两年,2
前男友,前男友,1
性体验,性体验,1
美好,美好,2
不肯,不肯,1
问询,问询,1
调,调,1
强行,强行,4
断电,断电,1
四大,四大,1
促成,促成,1
感想,感想,1
少见,少见,1
过好,过好,1
几次,几次,4
爬,爬,2
人群,人群,4
中烧,中烧,1
停留,停留,1
娱乐,娱乐,3
郭力尼安,郭力尼安,1
宝贵,宝贵,2
打倒,打倒,4
泼冷水,泼冷水,2
只会,只会,4
过度,过度,2
理想化,理想化,1
头脑发热,头脑发热,1
进退失据,进退失据,1
迷失,迷失,1
脑子,脑子,2
依附于,依附于,1
培养,培养,1
倾诉,倾诉,3
在线,在线,1
购物,购物,1
体验,体验,3
不靠,不靠,1
谱,谱,2
卖家,卖家,1
控方,控方,2
具名,具名,3
中施,中施,1
害方,害方,1
备受,备受,5
百口莫辩,百口莫辩,1
现成,现成,1
无可辩驳,无可辩驳,1
针对性,针对性,1
搜集,搜集,1
消费,消费,2
人证,人证,1
赫然,赫然,1
疾病,疾病,2
千万种,千万种,1
病识感,病识感,2
低,低,2
还会,还会,2
传染,传染,1
相处,相处,2
只好,只好,1
病人,病人,1
神,神,5
判官,判官,1
换角,换角,1
同行,同行,3
신,신,2
함,함,2
께,께,2
吴达秀,吴达秀,3
吴达洙,吴达洙,2
오,오,2
달,달,2
수,수,2
赵汉哲,赵汉哲,1
조,조,3
철,철,1
金明,金明,1
坤,坤,1
김,김,2
명,명,1
곤,곤,1
午餐,午餐,2
曝性,曝性,2
珍贵,珍贵,1
育龄妇女,育龄妇女,1
资源,资源,1
被叫,被叫,1
成个,成个,1
事能,事能,1
叫法,叫法,1
保准,保准,1
接,接,1
话茬,话茬,1
孤单,孤单,1
消除,消除,2
掉,掉,1
磨,磨,1
软,软,2
太监,太监,1
开裆裤,开裆裤,1
总会,总会,2
弹个,弹个,1
鸡儿,鸡儿,1
玩个,玩个,1
鸟,鸟,1
TM,TM,1
烦人,烦人,1
折射,折射,1
事儿,事儿,2
混为一谈,混为一谈,1
摆锤,摆锤,2
矫枉过正,矫枉过正,3
边上,边上,1
画风,画风,1
吐,吐,1
槽,槽,1
😃,😃,2
积毁销骨,积毁销骨,1
决不会,决不会,1
伪诉,伪诉,1
不易,不易,2
NO,NO,1
道理,道理,2
算,算,3
角度观察,角度观察,1
李先生,李先生,1
表象,表象,1
概率,概率,1
更高些,更高些,1
祝,祝,3
编安,编安,1
司马,司马,1
降级,降级,1
污染,污染,2
恶劣影响,恶劣影响,1
我司,我司,1
从今天起,从今天起,1
开放,开放,1
中华,中华,2
田园,田园,1
琦,琦,1
行种,行种,1
广大读者,广大读者,1
前来,前来,1
投稿,投稿,1
后告,后告,1
赢,赢,5
取证,取证,4
男方,男方,1
确实性,确实性,1
胡说八道,胡说八道,1
灌酒,灌酒,1
拐骗,拐骗,1
开房,开房,1
怀着,怀着,1
孕,孕,1
学生妹,学生妹,1
勾搭,勾搭,1
有夫之妇,有夫之妇,1
拆散,拆散,1
筹备,筹备,1
婚礼,婚礼,1
女同事,女同事,4
另有隐情,另有隐情,1
炮,炮,2
不为人知,不为人知,1
乱交,乱交,1
圈会,圈会,1
净化,净化,1
喜闻乐见,喜闻乐见,1
极乐世界,极乐世界,1
老花镜,老花镜,1
装,装,2
章文不作,章文不作,1
私信,私信,4
做客,做客,1
家过夜,家过夜,1
妹,妹,1
洗手间,洗手间,1
顺势,顺势,1
钻,钻,1
被窝,被窝,4
躺,躺,3
睡衣,睡衣,1
几十秒,几十秒,1
按住,按住,1
够,够,2
下床,下床,1
玩脱,玩脱,1
点至,点至,1
取代,取代,3
强势,强势,2
刷屏,刷屏,1
吸住,吸住,1
眼球,眼球,1
雨舟,雨舟,1
吕频,吕频,1
人凌沧洲,人凌沧洲,1
时评,时评,1
吴强,吴强,1
👉,👉,1
男神,男神,1
肌肉,肌肉,1
搜索,搜索,2
今时,今时,1
扔,扔,1
石头,石头,1
一本正经,一本正经,1
且不论,且不论,1
零八,零八,1
宪章,宪章,1
成网禁,成网禁,3
人事,人事,1
地物,地物,1
悲壮,悲壮,1
散文,散文,1
陈克华,陈克华,1
哭哭,哭哭,1
诗,诗,1
两首,两首,1
追,追,2
好恶,好恶,1
喔,喔,1
追溯,追溯,1
刷新,刷新,1
三观,三观,1
讲真,讲真,2
大跌眼镜,大跌眼镜,1
不停,不停,2
章文,章文,8
俄罗斯,俄罗斯,2
人在旅途,人在旅途,1
异国,异国,1
坚守,坚守,1
歹徒,歹徒,1
应得,应得,1
结局,结局,2
😍,😍,1
微博给,微博给,1
删,删,4
搞笑,搞笑,1
主推,主推,1
荣幸,荣幸,1
委屈,委屈,5
饭后,饭后,1
闲资,闲资,1
怀疑,怀疑,5
灾难,灾难,1
连连看,连连看,2
发出,发出,5
发出声音,发出声音,3
一波,一波,3
持续性,持续性,2
揭示,揭示,3
诸多,诸多,3
沉痛,沉痛,2
惊讶,惊讶,4
国内外,国内外,1
搞清楚,搞清楚,1
性交易,性交易,3
整,整,2
一段时间,一段时间,3
下文,下文,1
墙内,墙内,1
干干净净,干干净净,1
墙外,墙外,1
平静,平静,1
靠墙,靠墙,1
转移,转移,6
视线,视线,5
肉,肉,5
唐僧,唐僧,3
滚,滚,4
超乎想像,超乎想像,3
公知们,公知们,4
成口,成口,3
炮党,炮党,3
操纵,操纵,4
诛杀,诛杀,3
对装,对装,1
犯,犯,4
讨伐,讨伐,3
随手,随手,1
小事,小事,2
无关,无关,2
辅助,辅助,1
买鸡,买鸡,1
买眼,买眼,1
结构,结构,5
违背,违背,1
主观性,主观性,1
论述,论述,1
毫无道理,毫无道理,1
可言,可言,1
见过,见过,1
前一天,前一天,3
指尖,指尖,1
拂过,拂过,1
大腿,大腿,2
咯咯,咯咯,1
咯,咯,1
娇,娇,1
换个,换个,1
圈子,圈子,6
欧洲,欧洲,2
🏳,🏳,1
🌈,🌈,1
文化圈,文化圈,2
极致,极致,1
说句实话,说句实话,1
唤起,唤起,2
保护意识,保护意识,1
意识形态,意识形态,1
艾晓明,艾晓明,2
问答,问答,1
这波,这波,1
辩论,辩论,3
争论点,争论点,1
理论知识,理论知识,1
伴随,伴随,1
血泪,血泪,1
仔细,仔细,1
聆听,聆听,1
反共,反共,2
共党,共党,1
人人得而,人人得而,1
诛,诛,1
国共,国共,1
当自强,当自强,1
厉支,厉支,1
造假,造假,1
地上,地上,1
碰瓷,碰瓷,1
老太太,老太太,1
多长,多长,1
一个心眼,一个心眼,1
身在,身在,1
你国,你国,5
原罪,原罪,1
第三类,第三类,1
说理,说理,1
维稳,维稳,1
绕,绕,1
贵圈,贵圈,1
兲,兲,1
自寻,自寻,1
其辱,其辱,1
互怼,互怼,1
挖,挖,1
坟,坟,1
深,深,3
扒,扒,1
洗,洗,3
无故缺席,无故缺席,1
早已,早已,1
无从,无从,1
洪流,洪流,1
毫无意义,毫无意义,1
富婆,富婆,1
球,球,1
夏莹,夏莹,1
捏造,捏造,2
剑芒,剑芒,1
用词,用词,1
欠妥,欠妥,1
牢房,牢房,1
屁股,屁股,6
三人,三人,1
情节,情节,3
吃瓜,吃瓜,1
兔门,兔门,1
诉苦,诉苦,1
遇人不淑,遇人不淑,1
夏莹来,夏莹来,1
狗东西,狗东西,1
慑,慑,1
淫威,淫威,1
一般来说,一般来说,1
神经病,神经病,1
认清,认清,1
隐忧,隐忧,1
贞烈,贞烈,1
微信群,微信群,1
几张,几张,1
美院,美院,1
毕业,毕业,3
约炮,约炮,1
划入,划入,1
外宾,外宾,2
没关系,没关系,1
章,章,1
文案,文案,1
报案,报案,3
古今中外,古今中外,1
案子,案子,3
是是非非,是是非非,1
真真假假,真真假假,1
虚虚实实,虚虚实实,1
扒出,扒出,1
潜藏,潜藏,1
猥琐男,猥琐男,4
清者自清,清者自清,1
辩解,辩解,2
不脱,不脱,1
范畴,范畴,4
深层次,深层次,1
素质,素质,2
低下,低下,1
距离,距离,1
无疑,无疑,2
尚算,尚算,1
制,制,1
反制,反制,4
无稽之谈,无稽之谈,1
根治,根治,2
培育,培育,2
制衡,制衡,2
当今,当今,3
最缺,最缺,2
明镜,明镜,3
档案,档案,1
表面,表面,2
不相干,不相干,2
可疑,可疑,1
恨,恨,2
最深,最深,1
泛泛,泛泛,2
之指,之指,1
既得利益者,既得利益者,1
利害关系,利害关系,1
惊,惊,1
胜诉,胜诉,3
案获,案获,1
亿美元,亿美元,3
首例,首例,2
浙江,浙江,1
判决,判决,1
只判,只判,1
戳,戳,1
痛脚,痛脚,1
战士,战士,1
公号,公号,1
博文,博文,1
🎯,🎯,1
👊,👊,1
🌏,🌏,1
前篇,前篇,1
云端,云端,1
后记,后记,1
难友,难友,1
隔离带,隔离带,1
何在,何在,1
吹,吹,3
微博禁词,微博禁词,2
鼓励性,鼓励性,1
创意,创意,3
禁,禁,8
伊朗,伊朗,2
日至,日至,1
十多次,十多次,1
大城市,大城市,1
欧盟,欧盟,1
市,市,2
住所,住所,1
搜查,搜查,1
作案,作案,2
穿戴,穿戴,1
衣物,衣物,1
现已,现已,1
关入,关入,1
林茨,林茨,1
拘留,拘留,1
驱逐出境,驱逐出境,1
信访,信访,2
处,处,3
合盘,合盘,1
贷,贷,1
上访,上访,1
粗鲁,粗鲁,2
推搡,推搡,1
抓走,抓走,1
纳税人,纳税人,1
养出,养出,1
畜生,畜生,2
金融,金融,1
商量,商量,1
作个,作个,1
播客,播客,2
试录,试录,1
三期,三期,1
一期,一期,1
聊,聊,2
考前,考前,2
时期,时期,2
骗炮,骗炮,1
暂时,暂时,2
搁置,搁置,1
那期,那期,1
放出,放出,1
有太多,有太多,1
认证,认证,1
一是,一是,2
公证,公证,1
自拍照,自拍照,1
往来,往来,2
二是,二是,2
银行卡,银行卡,2
身份,身份,3
银行账号,银行账号,1
打钱,打钱,1
一元,一元,1
即可,即可,1
通讯,通讯,1
起到,起到,2
改叫,改叫,1
辞不达意,辞不达意,1
大意,大意,1
多样性,多样性,1
进化,进化,9
特征,特征,3
社会制度,社会制度,1
设计,设计,1
面面俱到,面面俱到,1
纠结,纠结,2
一类,一类,3
疑惑,疑惑,1
答案,答案,5
之恶,之恶,1
现阶段,现阶段,1
进程,进程,1
大方向,大方向,1
领地,领地,1
进军,进军,1
😁,😁,1
处境,处境,2
慢慢,慢慢,1
无才,无才,1
便是,便是,2
德,德,1
露出,露出,2
过多,过多,1
肌肤,肌肤,1
夏天,夏天,1
短裤,短裤,1
短裙,短裙,1
享受,享受,3
太阳,太阳,1
奴役,奴役,2
驱使,驱使,1
嫁作,嫁作,1
人妾,人妾,1
近似,近似,1
作出,作出,5
答,答,1
到此结束,到此结束,1
提问,提问,2
获刑,获刑,2
被告人,被告人,2
民事诉讼,民事诉讼,5
上下级,上下级,1
原告,原告,1
充足,充足,1
高度,高度,1
盖然性,盖然性,1
排除,排除,3
加害,加害,3
升级,升级,3
沉着,沉着,1
意志,意志,2
坚定,坚定,1
五层,五层,2
如图所示,如图所示,1
分为,分为,1
明确性,明确性,1
说散,说散,1
💸,💸,3
浩浩荡荡,浩浩荡荡,1
机器,机器,1
反扑,反扑,1
斗得,斗得,1
难分难解,难分难解,1
微博禁,微博禁,1
词后,词后,1
查禁,查禁,1
改用,改用,1
俄语,俄语,1
法语,法语,1
丹麦语,丹麦语,1
科幻,科幻,1
星空,星空,1
奇遇记,奇遇记,1
克林,克林,1
贡语,贡语,1
同仇敌忾,同仇敌忾,1
举步维艰,举步维艰,1
武器,武器,23
案发,案发,1
邹,邹,2
明武,明武,2
小娜,小娜,2
化名,化名,2
高二,高二,1
辅导,辅导,2
功课,功课,1
之机,之机,1
亲吻,亲吻,2
抚摸,抚摸,2
手淫,手淫,1
趁小娜,趁小娜,1
家中,家中,3
悲伤,悲伤,2
比达,比达,1
笔误,笔误,1
赞同,赞同,1
弱势群体,弱势群体,3
现状,现状,2
崇拜,崇拜,2
谦卑,谦卑,1
谦谦君子,谦谦君子,1
某种意义,某种意义,1
权和受,权和受,1
放过,放过,1
刚刚开始,刚刚开始,1
插图,插图,1
艺术家,艺术家,3
看梦雪,看梦雪,1
指标,指标,1
上海大学,上海大学,2
任职,任职,1
课程,课程,3
触碰,触碰,1
噩梦,噩梦,1
赵,赵,1
正德,正德,1
倒数,倒数,1
第六,第六,1
某国,某国,1
去年底,去年底,1
侵性,侵性,1
威力,威力,1
侵或性,侵或性,1
微博成,微博成,1
搜词,搜词,1
改成,改成,2
遭禁,遭禁,1
阉,阉,1
一词,一词,1
无阻,无阻,1
取而代之,取而代之,1
遮蔽,遮蔽,1
追踪,追踪,1
郭于,郭于,1
华,华,1
两件事,两件事,1
内在,内在,1
相通,相通,1
北航,北航,3
添加,添加,1
图案,图案,1
档案库,档案库,1
保留,保留,4
着手,着手,1
九篇,九篇,1
文已,文已,1
西北大学,西北大学,2
田霖,田霖,1
倡导者,倡导者,2
李婷婷,李婷婷,1
主导,主导,1
无处不在,无处不在,2
强大,强大,2
稳定,稳定,1
破坏,破坏,4
迷笛,迷笛,3
音乐节,音乐节,2
志愿者,志愿者,3
发文,发文,3
男同胞,男同胞,1
绑架,绑架,1
人和事,人和事,1
打包,打包,1
捆绑,捆绑,1
说成,说成,2
反习,反习,1
一大批,一大批,1
无论如何,无论如何,1
跟章,跟章,1
一道,一道,1
转世,转世,1
外星,外星,1
女婴,女婴,1
错认,错认,1
成朱,成朱,1
高分,高分,1
整部,整部,1
聚焦,聚焦,2
婚内,婚内,1
宵禁,宵禁,1
误判,误判,1
杀子,杀子,1
小小的,小小的,1
最贵,最贵,1
一块,一块,1
豆腐,豆腐,1
果酱,果酱,6
字幕组,字幕组,6
查阅,查阅,3
密歇根,密歇根,7
加州大学,加州大学,3
悉尼大学,悉尼大学,3
多所,多所,3
张图,张图,3
启发,启发,5
转自,转自,3
很无语,很无语,1
真不知道,真不知道,1
无心,无心,1
话会,话会,1
交集,交集,1
成微,成微,1
博禁词,博禁词,1
昨夜,昨夜,1
员,员,1
购买,购买,1
沙拉,沙拉,1
附赠,附赠,1
沙拉酱,沙拉酱,1
店员,店员,2
辖区,辖区,1
员警,员警,1
遗毒,遗毒,1
电梯门,电梯门,1
超低,超低,1
胸,胸,2
吊带,吊带,2
绿发妹,绿发妹,1
气,气,1
场强,场强,1
两拨,两拨,1
相谈甚欢,相谈甚欢,1
男男女女,男男女女,1
面带,面带,1
惊叹,惊叹,1
故作,故作,1
若无其事,若无其事,1
方向,方向,3
狂,狂,1
瞟,瞟,1
交汇,交汇,1
目光,目光,1
空气,空气,1
火光,火光,1
链式反应,链式反应,1
两眼,两眼,1
寻常,寻常,1
国度,国度,1
閙,閙,1
杀出,杀出,1
一批,一批,2
本土,本土,1
灰记客,灰记客,1
推油,推油,2
幸亏,幸亏,1
长得,长得,1
小男生,小男生,1
没什么,没什么,3
碰到,碰到,2
危害,危害,1
无非,无非,2
勾肩搭背,勾肩搭背,2
小妹妹,小妹妹,1
开头,开头,1
露阴癖,露阴癖,1
内外,内外,1
考量,考量,1
首要,首要,1
重建,重建,1
体系,体系,1
出发,出发,1
治愈,治愈,1
单从,单从,1
分析,分析,4
主人公,主人公,1
李礼,李礼,1
认识论,认识论,1
举措,举措,1
公共事务,公共事务,1
原理,原理,1
干预,干预,3
私域,私域,1
事宜,事宜,1
参与者,参与者,1
无权,无权,1
规劝,规劝,1
差评,差评,1
王译,王译,1
佩,佩,1
华裔,华裔,4
规范,规范,2
统统,统统,3
眼泪汪汪,眼泪汪汪,1
多余,多余,1
惊闻,惊闻,1
博大,博大,1
鲁迅,鲁迅,1
事无大小,事无大小,1
恶劣,恶劣,3
不堪,不堪,6
一只,一只,1
黑色,黑色,1
染缸,染缸,1
加进,加进,1
漆黑,漆黑,1
一次次,一次次,4
累,累,1
这块,这块,1
土地,土地,1
诅咒,诅咒,1
男同学,男同学,3
忍无可忍,忍无可忍,1
娘炮,娘炮,1
增长,增长,1
早晚,早晚,1
骑,骑,1
一言不合,一言不合,1
附和,附和,1
讨好,讨好,1
马屁,马屁,1
有钱赚,有钱赚,1
慌,慌,1
楞,楞,1
一贯,一贯,1
行径,行径,4
昔日,昔日,1
助理,助理,2
诉讼案,诉讼案,1
臭名昭著,臭名昭著,1
瘟鬼,瘟鬼,2
想起,想起,6
初体验,初体验,1
席,席,1
年纪,年纪,2
给予,给予,1
技术活,技术活,1
交给,交给,2
爸爸,爸爸,2
👨,👨,1
头疼,头疼,1
另一边,另一边,1
充斥,充斥,1
惊惧,惊惧,1
怨恨,怨恨,1
怨怼,怨怼,1
做起,做起,1
营造,营造,1
友善,友善,1
媒介,媒介,1
条,条,2
街上,街上,2
无意间,无意间,1
开玩笑,开玩笑,1
太高,太高,1
大街,大街,1
礼貌,礼貌,1
避开,避开,1
☹,☹,1
一昧,一昧,1
没脑子,没脑子,1
女孩子,女孩子,1
懂得,懂得,3
要够,要够,1
聪明,聪明,1
活着,活着,2
罪恶,罪恶,2
乱扯,乱扯,1
😞,😞,2
馒头,馒头,1
嫖,嫖,1
而止,而止,1
看腻,看腻,1
出柜,出柜,1
侵及,侵及,2
波澜,波澜,2
哥伦比亚,哥伦比亚,1
广播公司,广播公司,1
行政,行政,1
电视界,电视界,1
穆恩,穆恩,1
维斯,维斯,1
哥广,哥广,1
凑,凑,1
河蟹,河蟹,1
民主派,民主派,2
有法不依,有法不依,1
幻觉,幻觉,3
民众,民众,5
变形,变形,1
洛阳,洛阳,2
集邮,集邮,1
展做,展做,1
洛阳市,洛阳市,1
团委,团委,1
慰劳,慰劳,1
当官,当官,1
一桌,一桌,2
建国,建国,1
席间,席间,1
平,平,1
房子,房子,1
领队,领队,2
认他,认他,1
闹著,闹著,1
同班,同班,1
腿,腿,5
嘴,嘴,1
众人,众人,2
走得,走得,2
太远,太远,2
朱利安,朱利安,2
大王,大王,2
我要,我要,3
观感,观感,1
正面,正面,1
水位,水位,1
一颗,一颗,2
子弹,子弹,2
在我看来,在我看来,1
普及,普及,2
读本,读本,1
彻底否定,彻底否定,1
赞成,赞成,1
闭关锁国,闭关锁国,1
良知,良知,3
陈词,陈词,3
对不起,对不起,6
拼,拼,3
BREAKING,BREAKING,3
民意,民意,1
崩溃,崩溃,4
早越,早越,1
知识结构,知识结构,1
不配,不配,1
二则,二则,1
反对者,反对者,2
渔利,渔利,1
死死,死死,1
几句,几句,3
三种,三种,1
不知所指,不知所指,1
两性关系,两性关系,1
你情,你情,2
无可厚非,无可厚非,1
不能容忍,不能容忍,1
一棍子打死,一棍子打死,1
大义,大义,3
边界,边界,1
界定,界定,1
反感,反感,1
衡量标准,衡量标准,1
自知,自知,2
如鱼,如鱼,1
不见,不见,1
悲鸣,悲鸣,1
活得,活得,1
物化,物化,3
🚺,🚺,1
低人一等,低人一等,1
孙金昱,孙金昱,1
暴政,暴政,1
高高,高高,1
举起,举起,2
之旗,之旗,1
向后看,向后看,1
复仇,复仇,1
向前,向前,1
变革,变革,2
现有,现有,1
运行,运行,2
阴暗,阴暗,1
潜规则,潜规则,2
日头,日头,1
底下,底下,1
无意识,无意识,1
同胞们,同胞们,1
贺卫方,贺卫方,5
姿态,姿态,2
一轮,一轮,2
洗掉,洗掉,1
油彩,油彩,1
大好事,大好事,1
身心健康,身心健康,1
掌权者,掌权者,1
结帐,结帐,1
无处,无处,2
不有,不有,1
贡献,贡献,2
出自,出自,1
这文出,这文出,1
第一篇,第一篇,1
一手遮天,一手遮天,1
醉,醉,1
钢琴,钢琴,1
死忠,死忠,1
粉,粉,1
这文,这文,1
没话说,没话说,1
看错,看错,1
离谱,离谱,1
开过,开过,1
喊破,喊破,1
人理,人理,1
这算,这算,1
台词,台词,1
出至,出至,1
九品,九品,1
芝麻官,芝麻官,1
偷换概念,偷换概念,1
咸手,咸手,1
中右,中右,1
火往,火往,1
右引,右引,1
路径,路径,1
很大,很大,2
势必,势必,1
极权,极权,3
面目全非,面目全非,1
流行,流行,4
五年级,五年级,1
班主任,班主任,1
全班,全班,1
脏话,脏话,1
摸过,摸过,2
五人,五人,1
歪风邪气,歪风邪气,1
调戏,调戏,1
想过,想过,1
推崇,推崇,1
中医,中医,1
浆糊,浆糊,1
吴祚来,吴祚来,2
移除,移除,2
接上,接上,1
瞧,瞧,1
自强,自强,1
划清界限,划清界限,1
自以为是,自以为是,2
花瓶,花瓶,1
附庸,附庸,1
例外,例外,2
界限,界限,1
暧昧,暧昧,1
恩宠,恩宠,1
局限性,局限性,1
时至今日,时至今日,2
不说,不说,1
公权,公权,1
一副,一副,3
犀利,犀利,1
概括,概括,1
阴险,阴险,1
天真,天真,1
一概而论,一概而论,2
原帖,原帖,1
远比,远比,1
乐子,乐子,1
这通乱,这通乱,1
太装,太装,1
下三逼犯,下三逼犯,1
招摇过市,招摇过市,1
风流,风流,1
下流,下流,1
九流,九流,1
下九流,下九流,1
不装会,不装会,1
咖呀,咖呀,1
跟着,跟着,3
萝卜,萝卜,1
别装,别装,1
人参,人参,1
镜子,镜子,1
抽,抽,1
耳光,耳光,1
外,外,3
点起,点起,1
一把,一把,1
烧死,烧死,1
不失为,不失为,1
➜,➜,2
以死,以死,1
迫,迫,1
陪酒,陪酒,1
陪,陪,4
睡,睡,7
百次,百次,2
张紫妍,张紫妍,6
流星花园,流星花园,1
人知,人知,1
朝贡,朝贡,1
所扰,所扰,1
球场,球场,1
作陪,作陪,1
LINE,LINE,2
圈子里,圈子里,2
坐地铁,坐地铁,1
上班,上班,1
好几回,好几回,1
难受,难受,3
直男癌,直男癌,2
恕我直言,恕我直言,1
粪坑,粪坑,1
待个,待个,1
学者,学者,5
姚树洁,姚树洁,1
狂欢,狂欢,2
家长,家长,3
猜,猜,2
继父,继父,1
嘲笑,嘲笑,4
小题大做,小题大做,1
责备,责备,1
打工妹,打工妹,1
我能,我能,1
龙床,龙床,1
冬天,冬天,1
想消,想消,1
消食,消食,1
两公里,两公里,2
公交车站,公交车站,1
广告牌,广告牌,1
亮光,亮光,1
我拉起,我拉起,1
狂奔,狂奔,1
漫天大雪,漫天大雪,1
冷静下来,冷静下来,1
屌,屌,3
玩意,玩意,2
轫,轫,1
学术,学术,2
骤起,骤起,1
速度,速度,3
曲线,曲线,1
无辜,无辜,2
自辩,自辩,1
刘瑜们,刘瑜们,1
好事,好事,2
成长,成长,2
无可,无可,1
恕,恕,1
一纸,一纸,2
公文,公文,2
斧头帮,斧头帮,1
烧进,烧进,1
体育,体育,1
世界冠军,世界冠军,1
涉入,涉入,1
M,M,3
SHARE,SHARE,2
TWITTER,TWITTER,2
刘波,刘波,1
清华大学,清华大学,1
副教授,副教授,1
日晚,日晚,2
这篇,这篇,1
兹,兹,1
特色,特色,2
文艺界,文艺界,1
侵过,侵过,1
天来,天来,1
反躬自问,反躬自问,1
谈不上,谈不上,2
遗憾,遗憾,2
引以为傲,引以为傲,1
只不过,只不过,1
地面,地面,1
必竟,必竟,1
长久,长久,1
相关性,相关性,1
越大,越大,1
负面,负面,2
早点,早点,13
收集,收集,3
阴毛,阴毛,2
开封,开封,1
部长,部长,1
森林,森林,1
福建,福建,1
龙飞,龙飞,1
情人,情人,1
共办,共办,1
群芳,群芳,1
宴,宴,1
母女,母女,1
总共,总共,1
创造,创造,2
丑恶,丑恶,2
之流,之流,1
公道,公道,2
欲盖弥彰,欲盖弥彰,1
林淑贞,林淑贞,1
酒店,酒店,2
熟睡中,熟睡中,1
海航,海航,2
飞行员,飞行员,2
隔壁,隔壁,2
楼,楼,2
阳台,阳台,1
劝,劝,2
和解,和解,3
警局,警局,3
栽培,栽培,1
成本,成本,2
林在,林在,1
动,动,1
袭击,袭击,1
赵秉志,赵秉志,5
刑法,刑法,1
学界,学界,1
领军人物,领军人物,1
立法,立法,5
奸淫幼女,奸淫幼女,2
研讨会,研讨会,1
写过,写过,1
强奸罪,强奸罪,4
正当防卫,正当防卫,1
防卫,防卫,3
幼童,幼童,1
下图,下图,1
小精灵,小精灵,2
章文性,章文性,1
携,携,1
心酸,心酸,1
骄傲,骄傲,1
站上,站上,1
收纳,收纳,1
专属,专属,2
网址,网址,1
十四,十四,1
齉,齉,1
一撇,一撇,1
文澜,文澜,1
中学,中学,1
响应,响应,3
男欢女爱,男欢女爱,1
前提,前提,1
两回事,两回事,1
金钱,金钱,2
回过,回过,1
亲密关系,亲密关系,1
写个,写个,1
契约,契约,1
才行,才行,1
无厘头,无厘头,1
人约炮,人约炮,1
挑逗,挑逗,4
看法,看法,3
澄清,澄清,1
仇恨,仇恨,3
干爆,干爆,1
人渣,人渣,2
产物,产物,2
随随便便,随随便便,1
极刑,极刑,1
走资派,走资派,1
平成,平成,1
文化大革命,文化大革命,2
沾沾自喜,沾沾自喜,1
交流,交流,1
诚有,诚有,1
贼心,贼心,1
确无,确无,1
贼胆,贼胆,1
说真的,说真的,1
偷,偷,1
本能,本能,1
可不可以,可不可以,1
妈蛋,妈蛋,1
门卫,门卫,1
不知情,不知情,1
严辞,严辞,2
门卫室,门卫室,1
狗,狗,1
几把,几把,2
高考,高考,2
公交,公交,2
小姐姐,小姐姐,2
乳头,乳头,2
考,考,2
多几分,多几分,2
老哥,老哥,1
宾妹,宾妹,1
灵魂,灵魂,1
受得了,受得了,1
感慨,感慨,2
风流潇洒,风流潇洒,1
帅哥,帅哥,1
匹配,匹配,1
过日子,过日子,1
伴侣,伴侣,1
凑合,凑合,1
线路,线路,1
观看,观看,2
拍摄,拍摄,2
吃豆腐,吃豆腐,1
老土,老土,1
南京,南京,1
西路,西路,1
公交车,公交车,1
陌生,陌生,1
同伴,同伴,1
笑语,笑语,1
背上,背上,1
这辈子,这辈子,1
考虑一下,考虑一下,1
扩散,扩散,2
嫁祸于,嫁祸于,1
只配,只配,1
猪圈,猪圈,1
猪,猪,2
父子,父子,1
共享,共享,1
走路,走路,1
자,자,3
연,연,3
规避,规避,1
新词,新词,1
语文课,语文课,1
用途,用途,1
风格,风格,2
胆大妄为,胆大妄为,1
老实人,老实人,1
惨兮兮,惨兮兮,1
低头,低头,1
假装,假装,3
递个,递个,1
战场,战场,1
此言,此言,1
点燃,点燃,1
一早,一早,1
赵丹,赵丹,1
面向,面向,1
熊培云,熊培云,2
第二个,第二个,2
间接,间接,2
陆晖,陆晖,2
圈公知,圈公知,16
圈性,圈性,6
经典,经典,3
远超,远超,1
倒个,倒个,1
歉,歉,1
有过,有过,1
圈有,圈有,1
出名,出名,3
获奖,获奖,1
出书,出书,1
屠夫,屠夫,1
场景,场景,1
处于,处于,3
倡导,倡导,3
领域,领域,3
前沿,前沿,1
压榨,压榨,2
率先,率先,1
IT,IT,1
FW,FW,1
BD,BD,1
指数,指数,1
反差,反差,1
想像中,想像中,1
火爆,火爆,1
出乎意料,出乎意料,1
查询,查询,1
居多,居多,1
解决方案,解决方案,1
焦虑,焦虑,1
于事无补,于事无补,1
深受,深受,1
中伤,中伤,2
散布,散布,2
诚挚,诚挚,1
摸手,摸手,1
数么,数么,1
疯转,疯转,1
珍珠,珍珠,1
位竟,位竟,1
投身,投身,1
帮其,帮其,1
胁迫,胁迫,2
溜溜,溜溜,1
猛,猛,1
料,料,1
私德,私德,1
无愧,无愧,1
坦荡,坦荡,1
放手,放手,1
百度,百度,3
百科,百科,1
锁死,锁死,1
辞条,辞条,1
所述,所述,1
就读于,就读于,1
哈尔滨工业大学,哈尔滨工业大学,1
哈尔滨,哈尔滨,1
南岗区,南岗区,1
李彦宏,李彦宏,1
三百万,三百万,1
美元,美元,3
对手,对手,1
下三滥,下三滥,1
讲道理,讲道理,1
有何不可,有何不可,1
BUG,BUG,1
挖苦,挖苦,1
更有意义,更有意义,1
很多年,很多年,1
约翰,约翰,1
格里森,格里森,1
姆,姆,1
小说,小说,2
部,部,1
女上司,女上司,1
无力,无力,2
点评,点评,1
想当然,想当然,1
颇感,颇感,1
打抱不平,打抱不平,1
政界,政界,1
个别人,个别人,1
坏事,坏事,1
比烂,比烂,1
公允,公允,1
纯为,纯为,1
智力活动,智力活动,1
蠢,蠢,2
逐条,逐条,1
驳斥,驳斥,1
温文儒雅,温文儒雅,1
法盲,法盲,1
宋石,宋石,1
老干部,老干部,1
浓浓的,浓浓的,1
傲慢,傲慢,1
肉麻,肉麻,1
赞美,赞美,1
带头,带头,2
大哥,大哥,1
劣劣,劣劣,1
理智,理智,2
注,注,1
合伙,合伙,1
卖酒,卖酒,1
口号,口号,2
酒品,酒品,1
崔永元,崔永元,1
站台,站台,1
等待,等待,1
对章,对章,1
文性,文性,1
一事,一事,3
商榷,商榷,1
保守主义,保守主义,1
守贞,守贞,1
慎入,慎入,1
之友,之友,1
精英,精英,1
视角,视角,1
俯视,俯视,1
不看,不看,1
国情,国情,1
腰疼,腰疼,1
理客,理客,1
矫正,矫正,1
两样,两样,1
黑川普,黑川普,1
正视,正视,1
剔除,剔除,1
同构,同构,1
物,物,1
晒,晒,2
回复,回复,1
有权,有权,1
有钱,有钱,1
酒桌上,酒桌上,1
围魏救赵,围魏救赵,1
脑,脑,2
容量,容量,1
太小,太小,1
健忘,健忘,2
用纸,用纸,1
笔,笔,1
记录下来,记录下来,1
时不时,时不时,1
翻,翻,1
读一读,读一读,1
亢奋,亢奋,1
没见,没见,1
师弟,师弟,1
他长,他长,1
啥样,啥样,1
撬,撬,1
愉快,愉快,1
曹文轩,曹文轩,1
未有,未有,1
瞎报,瞎报,1
译成,译成,1
汉语,汉语,1
区分,区分,1
标识,标识,1
心服,心服,1
法学,法学,1
权威,权威,1
奸淫,奸淫,1
法学家,法学家,2
外流,外流,1
露面,露面,1
人人平等,人人平等,1
这真,这真,1
🔪,🔪,3
德行,德行,1
翻翻,翻翻,1
养育,养育,1
序言,序言,1
人身安全,人身安全,1
转念,转念,1
默不作声,默不作声,2
羽,羽,1
球队,球队,1
来台,来台,1
比赛,比赛,1
女队员,女队员,1
险遭,险遭,1
国手,国手,1
羽球,羽球,1
张伟,张伟,2
每日,每日,3
一项,一项,1
腾讯,腾讯,1
违反,违反,1
张冕,张冕,1
艺文,艺文,1
斗士,斗士,1
沙叶,沙叶,2
病逝,病逝,2
享年,享年,2
下架,下架,2
村上春树,村上春树,1
段友儒,段友儒,2
火拍,火拍,2
疑,疑,2
财阀,财阀,1
遭起底,遭起底,1
越烈,越烈,2
登上,登上,2
春树,春树,6
原名,原名,2
邹楠,邹楠,2
侵外,侵外,2
同日,同日,2
惊现,惊现,2
长文,长文,2
详述,详述,2
实习,实习,2
矫枉,矫枉,1
替性,替性,1
不全是,不全是,1
下意识,下意识,1
现存,现存,1
秩序,秩序,1
重新分配,重新分配,1
连锁反应,连锁反应,1
危及,危及,1
过激,过激,1
领导层,领导层,1
替换,替换,1
调整,调整,1
实质,实质,2
近半年,近半年,1
黑龙江省,黑龙江省,1
高级人民法院,高级人民法院,1
驳回,驳回,1
汤,汤,2
兰兰,兰兰,2
原审,原审,1
申诉,申诉,1
翻案,翻案,1
流氓,流氓,2
无不,无不,1
缺,缺,43
哑火,哑火,1
信口开河,信口开河,1
犯不着,犯不着,1
发动,发动,1
猎巫,猎巫,1
联欢,联欢,1
档次,档次,1
极限,极限,3
转移视线,转移视线,1
爬虫类,爬虫类,1
🐊,🐊,1
😴,😴,1
🐴,🐴,2
六楼,六楼,1
科室,科室,1
兴奋点,兴奋点,1
怀特海,怀特海,1
重要性,重要性,2
排序,排序,1
个人化,个人化,1
豁免权,豁免权,2
错误,错误,4
中国政府,中国政府,1
持,持,1
英文,英文,2
信件,信件,1
咸蛋,咸蛋,1
特殊符号,特殊符号,1
色狼,色狼,3
下班,下班,1
舶,舶,1
懒得,懒得,1
多位,多位,2
村上,村上,1
高压,高压,1
存活,存活,1
军情,军情,1
爆后,爆后,1
拯救,拯救,2
暗处,暗处,1
大小,大小,1
牵出,牵出,1
断崖,断崖,1
崩塌,崩塌,1
连续不断,连续不断,1
逃跑,逃跑,1
爽,爽,1
爽死,爽死,1
金牌,金牌,1
制片人,制片人,1
系列性,系列性,2
浮出,浮出,1
水面,水面,1
一岁,一岁,1
一向,一向,5
形形色色,形形色色,4
本台记者,本台记者,4
家傲,家傲,4
盘点,盘点,4
旅行,旅行,2
定制,定制,1
祇,祇,1
园,园,1
需求量,需求量,2
这女,这女,1
某种程度,某种程度,1
折磨,折磨,1
基本权利,基本权利,1
爆性,爆性,8
这事会,这事会,1
过头,过头,1
芝麻,芝麻,1
谷子,谷子,1
鸡毛蒜皮,鸡毛蒜皮,1
别陷,别陷,1
翻篇,翻篇,1
人有,人有,1
动物性,动物性,1
荷尔蒙,荷尔蒙,1
泛滥,泛滥,2
冲毁,冲毁,1
堤坝,堤坝,1
舆论压力,舆论压力,1
传媒大学,传媒大学,3
冬,冬,1
出版社,出版社,1
社长,社长,1
副校长,副校长,1
蔡翔,蔡翔,1
被禁,被禁,1
🙉,🙉,1
爆炸性,爆炸性,1
昭阳,昭阳,1
惯犯,惯犯,1
此举,此举,3
方可,方可,1
犯错,犯错,3
软滑,软滑,1
赶时髦,赶时髦,1
两情相悦,两情相悦,1
修成,修成,1
正果,正果,1
羡慕,羡慕,2
嫉妒,嫉妒,1
微博封,微博封,1
许可权,许可权,1
发溃,发溃,1
捂,捂,1
嚼,嚼,1
冰块,冰块,1
发觉,发觉,1
一针见血,一针见血,1
试一下,试一下,1
总算,总算,1
顺从,顺从,1
美德,美德,1
大象,大象,1
点映,点映,1
打败,打败,1
轨迹,轨迹,1
参照,参照,1
占领,占领,1
婚恋,婚恋,1
角度看,角度看,1
人身,人身,1
追究,追究,3
受控对象,受控对象,1
风起,风起,1
搞臭,搞臭,1
云涌,云涌,1
冬季,冬季,1
不妙,不妙,1
半年,半年,1
低端,低端,1
血液病,血液病,1
救助,救助,1
无限期,无限期,1
连任,连任,1
更改,更改,1
归属,归属,1
网瘾,网瘾,1
再开,再开,1
全遭,全遭,1
取缔,取缔,1
立绘,立绘,1
漏掉,漏掉,1
中南海,中南海,1
服务员,服务员,3
保洁员,保洁员,3
员站,员站,3
各部委,各部委,1
厅局,厅局,1
犯法者,犯法者,1
强国,强国,2
微博全,微博全,1
形式,形式,1
不好惹,不好惹,1
记取,记取,1
坏人,坏人,1
喧嚣,喧嚣,1
马丁,马丁,1
路德,路德,1
六个,六个,2
火烧,火烧,3
走来,走来,1
向往,向往,1
光明,光明,1
记住,记住,2
愧疚,愧疚,1
失败,失败,3
无一幸免,无一幸免,1
多人,多人,1
欣喜,欣喜,1
牢骚,牢骚,1
洗洗,洗洗,1
天亮,天亮,1
说不定,说不定,1
国产,国产,1
高估,高估,1
低估,低估,1
侵站,侵站,1
人如有,人如有,1
横行,横行,2
指名,指名,1
一小撮,一小撮,1
别有用心,别有用心,1
反华,反华,1
咔,咔,1
销声匿迹,销声匿迹,1
展江,展江,1
遭章文,遭章文,1
恐吓,恐吓,5
●,●,2
言永,言永,2
口鲁,口鲁,2
授权,授权,3
句子,句子,2
张弛,张弛,2
新周刊,新周刊,3
孙冕性,孙冕性,2
客观,客观,1
巧合,巧合,1
公安机关,公安机关,1
五毛,五毛,2
革职,革职,1
舆论导向,舆论导向,1
削弱,削弱,1
愤懑,愤懑,1
压抑,压抑,1
越积越,越积越,1
齿轮,齿轮,1
打止,打止,1
野火,野火,1
再往,再往,1
榴蛋炮,榴蛋炮,1
撤得,撤得,1
最快,最快,1
排,排,1
一霎那,一霎那,1
魔法,魔法,1
般,般,1
烟消云散,烟消云散,1
德艺双馨,德艺双馨,1
艺术人生,艺术人生,1
悬尸,悬尸,1
行不通,行不通,1
公母,公母,1
云泥之别,云泥之别,1
接下,接下,1
明知故犯,明知故犯,1
文人,文人,1
千锤百炼,千锤百炼,1
真心,真心,1
食色性也,食色性也,1
撕掉,撕掉,1
写满,写满,1
情话,情话,1
张皮,张皮,1
训练有素,训练有素,1
男们,男们,3
丧钟,丧钟,1
敲响,敲响,1
人而鸣,人而鸣,1
菁菁,菁菁,1
提,提,2
深恶痛绝,深恶痛绝,1
打脸,打脸,3
柄,柄,1
照妖镜,照妖镜,1
😄,😄,2
破鞋,破鞋,1
小将,小将,2
换上,换上,1
洋气,洋气,1
行,行,3
土味,土味,1
哭丧棒,哭丧棒,1
跟我走,跟我走,1
不容,不容,2
敌我,敌我,1
你死我活,你死我活,1
猪军,猪军,1
定性,定性,1
定量,定量,1
掩没,掩没,1
逼们,逼们,1
两步,两步,1
大河,大河,3
朱长振,朱长振,3
旋即,旋即,2
不愧,不愧,1
裤衩,裤衩,1
腕儿,腕儿,1
漫画,漫画,1
点着,点着,1
摆,摆,1
先知,先知,1
面孔,面孔,1
目测,目测,1
十分钟,十分钟,2
之内,之内,4
钦佩,钦佩,1
文中,文中,2
第三封,第三封,1
一两天,一两天,1
吸毒,吸毒,1
嫖娼,嫖娼,1
纪录片,纪录片,1
顶雷,顶雷,1
平息,平息,1
风生水,风生水,1
消停,消停,1
民族,民族,1
优点,优点,2
T,T,1
荔枝,荔枝,1
先来,先来,1
威逼利诱,威逼利诱,1
轻描淡写,轻描淡写,1
敷衍了事,敷衍了事,1
忘得,忘得,1
复出,复出,1
愈演愈烈,愈演愈烈,2
夸人,夸人,1
靠山,靠山,1
魔教,魔教,1
阴谋,阴谋,6
物欲横流,物欲横流,1
权色,权色,2
出卖,出卖,1
色相,色相,2
默认,默认,3
乐意,乐意,1
告发,告发,2
反水,反水,1
事故,事故,1
献给,献给,1
图党,图党,1
™,™,1
民议,民议,1
原微博,原微博,1
曝了,曝了,1
六月,六月,2
过章,过章,1
说情,说情,1
气不过,气不过,1
一个月,一个月,1
关注度,关注度,1
力所能及,力所能及,1
看图,看图,1
宣言,宣言,1
颤抖,颤抖,1
自救,自救,1
否定,否定,2
斯德哥尔摩,斯德哥尔摩,1
太难,太难,2
茸茸,茸茸,1
D,D,1
艾艾,艾艾,1
点赞,点赞,1
一段,一段,1
透彻,透彻,1
快成,快成,1
民族英雄,民族英雄,1
新发明,新发明,1
想着,想着,2
孙中山,孙中山,1
面壁,面壁,1
麻省理工,麻省理工,1
传奇,传奇,1
科学家,科学家,1
网易,网易,4
电,电,1
磁,磁,1
公开课,公开课,1
电磁,电磁,1
麻省理工学院,麻省理工学院,2
终止,终止,1
法规,法规,1
摇篮,摇篮,1
羞耻感,羞耻感,1
沦陷,沦陷,2
赋权,赋权,1
即同,即同,1
制作,制作,1
数十名,数十名,1
被害,被害,3
不快,不快,1
普遍性,普遍性,1
夶,夶,1
要装,要装,1
才华,才华,1
关乎,关乎,1
长图,长图,1
压缩,压缩,1
看不清,看不清,1
地址,地址,1
讨厌,讨厌,2
可行,可行,1
从章文,从章文,1
孙冕,孙冕,2
再到,再到,1
😭,😭,1
古月,古月,1
相心,相心,1
吃惊,吃惊,1
冤假错案,冤假错案,3
北大,北大,27
飞,飞,1
舆论监督,舆论监督,1
效用,效用,1
真实度,真实度,1
汇总,汇总,1
何满,何满,2
信力,信力,3
建,建,3
总,总,7
有助于,有助于,2
私谊,私谊,2
不及,不及,2
公义,公义,4
一并,一并,4
星星,星星,1
点火,点火,1
冒火,冒火,1
燃烧,燃烧,1
殊不知,殊不知,1
解套,解套,1
司空见惯,司空见惯,1
此起彼伏,此起彼伏,1
间断,间断,1
尘埃,尘埃,1
深重,深重,1
贵国,贵国,1
话语权,话语权,1
名渣,名渣,1
水准,水准,1
过分,过分,1
迷恋,迷恋,1
无往,无往,1
有害,有害,3
起家,起家,1
擅长,擅长,1
甭说,甭说,1
发作,发作,1
毒,毒,1
节点,节点,1
如果说,如果说,1
危害性,危害性,1
密不可分,密不可分,1
减轻,减轻,1
金融危机,金融危机,1
待续,待续,1
侵门,侵门,2
早不来,早不来,1
晚不来,晚不来,1
这时候,这时候,1
😜,😜,1
深深,深深,1
无力感,无力感,1
综艺,综艺,1
已无狗,已无狗,1
仔,仔,1
公家,公家,1
刚起,刚起,1
祖国,祖国,2
繁荣昌盛,繁荣昌盛,1
紧跟着,紧跟着,1
用不上,用不上,1
烂透,烂透,2
报纸,报纸,2
放不下,放不下,1
关闭,关闭,2
ಠ,ಠ,2
︵,︵,1
凸,凸,1
几宗,几宗,2
凖,凖,2
界线,界线,2
模糊不清,模糊不清,2
骂骂,骂骂,1
怼,怼,3
蠢得,蠢得,1
一个多,一个多,1
搜榜前,搜榜前,1
十,十,1
搜他,搜他,1
央视春晚,央视春晚,1
同种,同种,1
赵忠祥,赵忠祥,1
逼真,逼真,1
翻出来,翻出来,1
打错,打错,1
中年男人,中年男人,1
啥时候,啥时候,1
晓得,晓得,1
想草,想草,1
草得,草得,1
暗示,暗示,1
特,特,1
抱歉,抱歉,1
共产主义,共产主义,1
声浪,声浪,1
两害相权,两害相权,1
取其轻,取其轻,1
人章文,人章文,1
奇葩,奇葩,1
王嫣,王嫣,1
芸,芸,1
王局,王局,1
志安,志安,1
战局,战局,1
多事,多事,1
韩红有,韩红有,1
十位,十位,1
倒下,倒下,3
政府部门,政府部门,1
拘禁,拘禁,1
比章文,比章文,1
半推半就,半推半就,1
一毛,一毛,1
泥潭,泥潭,1
培育出,培育出,1
跪,跪,1
别想,别想,1
高雅,高雅,1
XXX,XXX,1
壁咚,壁咚,1
往事,往事,1
冰山一角,冰山一角,1
求助,求助,1
大摇大摆,大摇大摆,1
于世,于世,1
高明,高明,1
看清,看清,1
套路,套路,1
揭穿,揭穿,1
柴玲,柴玲,1
特务,特务,2
缺少,缺少,1
不了了之,不了了之,1
高发,高发,1
平衡,平衡,1
孳生,孳生,1
所属,所属,1
兄弟会,兄弟会,1
组团,组团,1
洗白,洗白,1
核查,核查,1
信手拈来,信手拈来,1
贾师,贾师,1
透明,透明,1
公务,公务,1
机关,机关,1
翻脸,翻脸,1
一辈子,一辈子,1
前途,前途,2
尽毁,尽毁,1
姐妹,姐妹,2
通俗,通俗,1
摸别,摸别,1
搞乱,搞乱,1
察,察,1
运动会,运动会,1
翻天覆地,翻天覆地,1
见仁见智,见仁见智,1
决出,决出,1
是非,是非,1
胜利,胜利,1
张驰,张驰,1
潘杰客,潘杰客,1
秦,秦,1
何人,何人,1
国人,国人,1
开花,开花,1
哀声,哀声,1
遍野,遍野,1
到时候,到时候,1
博导,博导,2
中国人民解放军,中国人民解放军,1
南京政治学院,南京政治学院,1
法学院,法学院,2
博士论文,博士论文,1
评审组,评审组,1
落下,落下,1
天在,天在,1
这方面,这方面,1
三娃,三娃,1
地站,地站,1
凤姐,凤姐,1
谈谈,谈谈,3
撕开,撕开,1
全是,全是,1
油腻,油腻,1
得知,得知,1
会视奸,会视奸,1
擦身,擦身,1
下移,下移,1
狠,狠,1
瞪,瞪,2
孬种,孬种,1
聊起,聊起,1
一致同意,一致同意,2
很脏,很脏,1
讲得,讲得,1
写文章,写文章,1
几点,几点,1
圈内人,圈内人,1
几分,几分,1
偶像,偶像,4
贪污,贪污,1
卖友求荣,卖友求荣,1
或性,或性,1
小节,小节,1
老虎,老虎,1
哥们,哥们,1
破坏分子,破坏分子,1
祭出,祭出,1
团结,团结,1
无原则,无原则,1
小圈子,小圈子,1
有点像,有点像,1
黑手党,黑手党,1
江湖,江湖,1
一年四季,一年四季,1
牛仔裤,牛仔裤,1
包裹,包裹,1
轻薄,轻薄,1
出门,出门,1
凸点,凸点,1
多露,多露,1
皮肤,皮肤,2
紧张不安,紧张不安,1
经受,经受,1
基石,基石,1
践行,践行,1
有感,有感,1
人章,人章,1
垚,垚,1
四月,四月,1
阐述,阐述,1
内涵,内涵,1
尚未,尚未,3
查明,查明,1
判定,判定,1
如何是好,如何是好,1
重新点燃,重新点燃,1
民,民,1
真该,真该,1
以善,以善,1
名行,名行,1
恶之事,恶之事,1
全概,全概,1
无小礼,无小礼,1
拉,拉,3
炕,炕,1
在职,在职,1
场,场,2
燎原,燎原,1
高校,高校,5
这套,这套,1
弱,弱,1
最小,最小,1
借办,借办,1
研习营,研习营,1
名堂,名堂,1
为名,为名,1
上床,上床,3
始乱终弃,始乱终弃,1
归不归,归不归,1
旺些,旺些,1
咖被,咖被,1
蔓延到,蔓延到,1
流毒,流毒,1
主义,主义,2
德语,德语,5
不可思议,不可思议,1
驯服,驯服,1
牲口,牲口,1
词都分,词都分,1
连猫,连猫,1
公猫,公猫,1
母猫,母猫,1
找不出,找不出,1
收钱,收钱,1
七月,七月,1
大风,大风,1
业内,业内,1
相继,相继,1
认罪,认罪,5
约束,约束,2
很久没,很久没,1
高原,高原,1
玉树,玉树,1
地震,地震,1
不用说,不用说,1
藏羚羊,藏羚羊,1
纱图,纱图,1
什,什,1
野旄牛队,野旄牛队,1
JUAN,JUAN,1
NGO,NGO,1
从业,从业,1
置喙,置喙,1
主题,主题,1
学,学,1
工作坊,工作坊,1
右手,右手,1
左手,左手,1
乱用,乱用,2
遇阻,遇阻,1
涉事,涉事,1
侵权,侵权,1
或系,或系,1
侵而,侵而,1
期限,期限,1
已过,已过,1
通知书,通知书,1
高雄,高雄,1
当铺,当铺,2
楠梓,楠梓,1
勇妈怒,勇妈怒,2
揭色医,揭色医,2
掰,掰,2
头条,头条,1
民兵组织,民兵组织,1
会员,会员,1
政,政,1
明政,明政,1
出线,出线,1
固守,固守,1
滩岸,滩岸,1
台海,台海,1
战,战,1
派兵,派兵,1
女选手,女选手,1
蹂躏,蹂躏,1
干嘛,干嘛,2
北京师范大学,北京师范大学,1
取消,取消,3
硕导,硕导,1
留党查看,留党查看,1
北师大,北师大,1
教工,教工,1
毁,毁,1
网球,网球,1
体坛,体坛,1
重,重,1
甘哑,甘哑,1
忍,忍,1
疑犯,疑犯,1
兴许,兴许,1
问错,问错,1
大众,大众,1
师生,师生,2
韦恩,韦恩,1
卑鄙,卑鄙,1
迟斌,迟斌,1
戴荃,戴荃,1
趋势,趋势,1
交叉,交叉,1
多用,多用,1
引语,引语,1
还原,还原,1
描写,描写,1
借机,借机,1
普及性,普及性,1
时势,时势,1
当成,当成,2
或长,或长,2
牵扯,牵扯,1
卢贝松,卢贝松,5
联想,联想,1
好多年,好多年,1
广末凉子,广末凉子,1
痛哭,痛哭,1
😰,😰,3
韦斯坦,韦斯坦,2
焦糖,焦糖,1
玫瑰,玫瑰,1
教导,教导,1
白搭,白搭,1
计程车,计程车,2
诬赖,诬赖,1
限定,限定,1
出个,出个,1
欧美,欧美,1
下岗,下岗,1
人才,人才,1
招,招,2
多好,多好,1
选个,选个,1
地儿,地儿,1
特区,特区,1
中山大学,中山大学,6
停职,停职,1
张鹏,张鹏,8
在校,在校,1
情绪,情绪,1
月初,月初,1
教课,教课,1
WOW,WOW,1
NATO,NATO,1
大张,大张,1
鹏,鹏,1
黄雪琴,黄雪琴,1
人间,人间,2
逃开,逃开,3
社会学,社会学,2
长江,长江,2
同僚,同僚,1
试,试,1
可恨,可恨,1
郭瘟鬼,郭瘟鬼,1
不要脸,不要脸,1
首页,首页,1
前脚,前脚,1
刚笑,刚笑,1
跳舞,跳舞,1
贪得无厌,贪得无厌,1
后脚,后脚,1
法律法规,法律法规,1
法外,法外,1
潜意识,潜意识,1
不受,不受,1
轻,轻,1
之风,之风,1
吹进,吹进,1
施暴,施暴,1
犯人,犯人,1
狱警,狱警,1
处理结果,处理结果,1
满意,满意,1
买单,买单,1
麦子,麦子,1
广州中山大学,广州中山大学,2
举步为艰,举步为艰,1
张鹏涉,张鹏涉,1
引爆,引爆,1
曾一度,曾一度,1
热传,热传,2
马赛克,马赛克,1
⚽,⚽,1
🏃,🏃,7
🙌,🙌,1
🌸,🌸,4
🌲,🌲,4
🇫,🇫,1
🇷,🇷,2
🇮,🇮,1
🇹,🇹,2
🇧,🇧,1
🇵,🇵,1
🇺,🇺,1
🇸,🇸,1
🗽,🗽,1
早上好,早上好,1
ص,ص,1
ح,ح,1
خ,خ,1
ي,ي,1
お,お,1
は,は,1
よ,よ,1
う,う,1
ご,ご,1
ざ,ざ,1
ま,ま,1
す,す,1
🚫,🚫,1
无奈,无奈,1
风,风,1
青杨,青杨,1
把手,把手,1
伸向,伸向,1
名为,名为,1
该网,该网,1
五名,五名,2
纪委,纪委,1
六年,六年,1
党内,党内,1
忌讳,忌讳,1
查删,查删,1
网页快照,网页快照,1
卡尔森,卡尔森,1
美利坚,美利坚,1
选美,选美,4
泳装,泳装,4
晚礼服,晚礼服,1
竞赛,竞赛,1
改以,改以,1
台上,台上,1
谈话,谈话,3
抒发,抒发,1
心声,心声,1
凝视,凝视,1
双腿,双腿,1
女色,女色,1
月底,月底,1
这俩,这俩,1
艰难,艰难,1
两端,两端,1
要加,要加,1
空格,空格,1
无效,无效,1
体位,体位,2
未得,未得,1
列为,列为,2
法例,法例,1
内尔,内尔,1
定心丸,定心丸,1
毋须,毋须,1
煞有介事,煞有介事,1
性交,性交,3
应用程式,应用程式,2
来场,来场,2
Ｍ,Ｍ,1
当代,当代,1
座谈会,座谈会,1
全程,全程,1
高清,高清,1
录像,录像,1
稍后,稍后,1
资讯,资讯,1
收于,收于,1
讥,讥,1
白像,白像,1
AV,AV,1
哭诉,哭诉,1
经纪人,经纪人,1
森香穗,森香穗,1
も,も,1
り,り,1
か,か,2
ほ,ほ,2
た,た,43
る,る,1
第一轮,第一轮,1
预告,预告,1
堂会,堂会,1
霸权,霸权,2
博浸,博浸,1
倪立贤性,倪立贤性,1
肇因,肇因,1
倪立贤,倪立贤,5
博爱,博爱,4
潮语,潮语,4
浸信会,浸信会,4
东头,东头,4
堂,堂,4
事工,事工,1
粉丝,粉丝,2
眼镜,眼镜,1
细看,细看,1
谷雨,谷雨,1
实验室,实验室,1
庆阳,庆阳,1
跳楼,跳楼,1
生死,生死,1
一座,一座,2
孤岛,孤岛,2
难讨,难讨,1
奕奕,奕奕,1
潮汐,潮汐,1
吞没,吞没,1
潮水般,潮水般,1
坠落,坠落,2
成家,成家,1
风俗,风俗,1
骨灰,骨灰,1
带回,带回,1
乡里,乡里,1
墓碑,墓碑,1
牌位,牌位,1
教友,教友,7
怪责,怪责,2
＂,＂,4
源头,源头,5
申诉人,申诉人,2
中大,中大,2
讲师,讲师,3
艺术,艺术,1
领先,领先,1
荷里活,荷里活,1
落伍,落伍,1
好文,好文,1
推介,推介,1
荒木经,荒木经,1
惟,惟,1
喻为,喻为,1
情色,情色,1
模特儿,模特儿,1
超越,超越,1
艺术创作,艺术创作,1
美化,美化,1
剥削,剥削,2
轻生,轻生,1
师妹,师妹,1
目击,目击,1
淫,淫,3
魔,魔,2
勾结,勾结,1
大亨,大亨,1
旗下,旗下,1
饭店,饭店,1
当性,当性,1
捕猎,捕猎,1
中大女,中大女,1
回音,回音,1
黎明,黎明,1
分尸,分尸,1
刀,刀,3
争端,争端,1
理所当然,理所当然,1
殴打,殴打,2
勒,勒,1
颈,颈,1
肢解,肢解,1
不复存在,不复存在,1
列名,列名,1
汤森,汤森,1
路透,路透,1
基金会,基金会,4
宗性,宗性,1
多半,多半,1
继,继,1
协进会,协进会,2
昨,昨,2
宗涉,宗涉,2
照耀,照耀,1
成人片,成人片,1
掌掴口,掌掴口,1
塞,塞,1
异物,异物,1
剧本,剧本,1
包含,包含,1
告知,告知,1
服装,服装,1
硬调,硬调,1
博浸性,博浸性,1
会友,会友,1
证,证,1
爆博浸,爆博浸,1
倪,倪,2
贀,贀,2
团契,团契,1
避重就轻,避重就轻,1
交代,交代,1
详情,详情,1
称愿,称愿,1
受审,受审,1
催生,催生,1
警,警,2
接一,接一,1
暂列,暂列,1
求警,求警,1
新闻网,新闻网,2
藉,藉,1
歉意,歉意,1
悼念,悼念,2
咆哮,咆哮,2
消,消,1
视帝,视帝,2
不认,不认,1
反告,反告,2
生鱼片,生鱼片,1
曹在,曹在,2
显,显,2
재,재,2
导正,导正,1
风气,风气,1
雇佣,雇佣,2
很土,很土,1
抨击,抨击,1
系出,系出,1
同源,同源,1
包得,包得,1
紧不紧,紧不紧,1
消音,消音,1
这能,这能,1
漏光,漏光,1
想换,想换,1
硬上,硬上,1
双方同意,双方同意,1
至关重要,至关重要,1
和性,和性,1
侵上,侵上,1
数量,数量,1
升高,升高,1
嫌犯,嫌犯,1
艾玛,艾玛,1
沃特森,沃特森,1
联合国,联合国,5
演讲,演讲,1
看得,看得,1
热泪盈眶,热泪盈眶,1
破除,破除,1
锅,锅,1
眼里,眼里,2
专讯,专讯,1
啊啊啊,啊啊啊,1
负评,负评,2
污告,污告,1
酿,酿,1
太多,太多,1
站得住脚,站得住脚,1
诉讼费,诉讼费,1
房思琪,房思琪,5
初恋,初恋,5
梁羽生,梁羽生,2
林奕含,林奕含,3
士出,士出,1
红鸨,红鸨,1
特工,特工,1
ME,ME,1
TOO,TOO,1
连假,连假,1
空知,空知,1
英秋,英秋,1
银魂,银魂,1
赚,赚,2
雇用,雇用,1
会持,会持,1
囉,囉,1
MGTOW,MGTOW,1
窗帘,窗帘,1
早起,早起,1
史泰龙,史泰龙,2
男森要,男森要,1
斩获,斩获,1
阵容,阵容,1
大片,大片,1
大赢家,大赢家,1
首映,首映,1
十部,十部,1
围剿,围剿,2
施主,施主,1
席维斯,席维斯,1
史特龙,史特龙,1
检方,检方,1
滥用权力,滥用权力,1
嘉年华,嘉年华,1
求救,求救,1
讯号,讯号,1
拜托,拜托,1
帮帮,帮帮,1
困扰,困扰,1
碍于,碍于,1
CCTVB,CCTVB,2
德国总理,德国总理,1
默婶同,默婶同,1
讲数果,讲数果,1
张相,张相,1
错话,错话,1
班友,班友,1
会乱,会乱,1
㖞,㖞,1
系要,系要,1
出大丑,出大丑,1
LIVE,LIVE,1
拉子,拉子,1
开心,开心,2
核弹,核弹,1
脱星,脱星,1
红,红,1
多家,多家,1
一堆,一堆,1
ㄅ,ㄅ,1
ㄑ,ㄑ,1
恶烂,恶烂,1
籽,籽,1
取暖,取暖,1
亚太,亚太,1
频道,频道,1
相见,相见,1
NTD,NTD,1
迟早会,迟早会,2
从小到大,从小到大,1
平安,平安,1
受过,受过,2
睾丸,睾丸,1
易碎品,易碎品,1
谜,谜,1
玉山,玉山,1
日报,日报,1
跨,跨,1
性关系,性关系,1
无性,无性,1
恋,恋,1
盾牌,盾牌,1
通通,通通,1
忍辱负重,忍辱负重,1
仇,仇,1
承受,承受,1
色,色,1
比基尼,比基尼,1
抬头,抬头,1
诞生,诞生,1
鸡皮疙瘩,鸡皮疙瘩,1
侵百女,侵百女,1
淫魔,淫魔,1
耽误,耽误,1
拨发,拨发,1
冰,冰,1
咖啡,咖啡,1
邪门歪道,邪门歪道,1
一呼,一呼,2
求,求,2
跪拜,跪拜,1
一脚,一脚,1
踢开,踢开,1
落井下石,落井下石,1
卑劣,卑劣,1
至极,至极,1
东京都,东京都,2
狛,狛,3
江,江,3
市长,市长,4
高桥,高桥,3
彦,彦,2
数度,数度,1
职员,职员,2
辞呈,辞呈,1
全会,全会,1
原先,原先,1
想太多,想太多,1
四名,四名,2
晚多,晚多,1
五分钟,五分钟,1
遇过,遇过,1
伸手,伸手,1
冲刺班,冲刺班,1
别校,别校,1
笔记,笔记,1
另一手,另一手,1
偷偷,偷偷,1
伸,伸,1
推友圈,推友圈,1
金色,金色,1
百无禁技,百无禁技,1
加强版,加强版,1
世杯,世杯,1
球员,球员,1
性欲,性欲,1
叫鸡,叫鸡,1
乱章,乱章,1
高呼,高呼,1
西诺,西诺,2
一段话,一段话,1
纽约州,纽约州,6
最高院,最高院,1
审理,审理,1
反复,反复,1
诋毁,诋毁,1
太丑,太丑,1
连猪,连猪,1
黑,黑,1
🐶,🐶,1
剩,剩,1
哪出,哪出,1
来来来,来来来,1
痛快,痛快,1
恭喜,恭喜,2
学到,学到,1
揭批,揭批,1
改邪归正,改邪归正,1
邪教组织,邪教组织,1
教义,教义,1
忠于,忠于,1
承诺,承诺,1
忠诚,忠诚,1
赚大钱,赚大钱,1
配备,配备,1
一再,一再,1
教条,教条,1
悄悄,悄悄,1
回笼资金,回笼资金,1
法拉盛,法拉盛,2
豪宅,豪宅,1
只顾,只顾,1
哪管,哪管,1
死活,死活,1
不遗余力,不遗余力,1
伸衣,伸衣,1
内乱,内乱,1
JAPAN,JAPAN,1
TST,TST,1
庚河,庚河,1
경,경,1
雇主,雇主,1
劳工,劳工,1
齐聚一堂,齐聚一堂,1
国际公约,国际公约,1
一如,一如,1
普遍存在,普遍存在,1
亡羊补牢,亡羊补牢,1
拘束力,拘束力,1
准则,准则,1
事前,事前,1
处置,处置,1
房东,房东,1
夫妇,夫妇,1
吵架,吵架,1
上门,上门,1
带走,带走,1
女孩儿,女孩儿,2
祸首,祸首,1
传将,传将,1
投案,投案,2
影帝,影帝,1
性虐待,性虐待,3
两百万,两百万,1
取保候审,取保候审,1
符合事实,符合事实,1
撤销,撤销,1
卓有成效,卓有成效,1
撼天动地,撼天动地,1
国师,国师,3
不屑一顾,不屑一顾,1
下贱,下贱,1
截取,截取,1
之词,之词,1
片段,片段,1
哗众取宠,哗众取宠,1
哭泣,哭泣,1
WASP,WASP,1
消亡,消亡,1
社达味,社达味,1
血馒头,血馒头,1
吃惯,吃惯,1
戒,戒,1
郭比韦,郭比韦,1
坦斯,坦斯,1
有过之而无不及,有过之而无不及,1
多项,多项,1
预计,预计,1
自首,自首,1
摩根,摩根,6
弗里,弗里,2
曼,曼,4
发声明,发声明,1
这么久,这么久,1
爷孙,爷孙,1
乱伦,乱伦,1
佛利,佛利,1
镜头,镜头,2
费里,费里,3
曼认,曼认,1
曼耶,曼耶,1
傻眼,傻眼,1
曼都,曼都,1
苏话,苏话,1
受人,受人,1
尊敬,尊敬,1
未能幸免,未能幸免,1
毖,毖,1
重于,重于,1
惩前,惩前,1
无异于,无异于,1
亡羊,亡羊,1
不补牢,不补牢,1
一盒,一盒,1
入选,入选,3
温哥华,温哥华,1
公共交通,公共交通,1
播报,播报,1
语音,语音,1
🤦,🤦,1
奥斯卡,奥斯卡,2
正派,正派,1
･,･,1
女职员,女职员,1
拟,拟,1
因疑,因疑,1
市政府,市政府,2
该市,该市,1
办公处,办公处,1
辞意,辞意,1
扰乱,扰乱,1
市政,市政,1
协商,协商,1
周,周,1
内向,内向,1
浮夸,浮夸,1
滥情,滥情,2
倡议,倡议,1
连锁,连锁,1
快餐店,快餐店,1
前女,前女,1
就业,就业,1
入禀,入禀,1
FP,FP,1
驻华,驻华,1
晚期,晚期,1
驻外,驻外,1
分社,分社,1
新闻报道,新闻报道,1
教战,教战,1
守则,守则,1
隔天,隔天,1
推女,推女,1
自拍,自拍,1
星巴克,星巴克,1
搭讪,搭讪,2
夸,夸,2
衬衫,衬衫,1
好看,好看,1
引子,引子,1
英语,英语,2
中北,中北,1
紧张,紧张,1
我怕,我怕,1
杀手,杀手,1
太冷,太冷,1
药性,药性,1
酸民们,酸民们,1
放错,放错,1
该受,该受,1
秀智,秀智,1
杨艺媛,杨艺媛,1
小偷,小偷,1
家族,家族,1
爆冷,爆冷,1
摘,摘,1
金棕榈,金棕榈,1
电影节,电影节,1
仿佛,仿佛,1
老衲,老衲,1
众筹,众筹,1
拍部,拍部,1
参赛,参赛,1
没准,没准,1
得奖,得奖,1
疑云,疑云,2
露西,露西,1
茶里,茶里,1
前辈,前辈,1
宴会,宴会,1
脸皮,脸皮,1
开门,开门,1
老一套,老一套,1
喝酒,喝酒,1
男同事,男同事,1
总问,总问,1
几岁,几岁,1
普遍现象,普遍现象,1
好意,好意,2
春天,春天,1
樱花,樱花,1
妳有,妳有,1
谢,谢,1
体操队,体操队,2
体操,体操,4
队医,队医,4
州立大学,州立大学,4
总额,总额,2
款项,款项,2
达成,达成,2
掏,掏,1
鲜肉,鲜肉,1
法办,法办,1
원,원,2
李瑞元,李瑞元,1
李曙原,李曙原,1
碗饭,碗饭,1
借酒浇愁,借酒浇愁,1
爆卦,爆卦,1
滥诉,滥诉,1
给面子,给面子,1
🙄,🙄,1
牵连,牵连,2
甚广,甚广,2
腰斩,腰斩,2
两亿人,两亿人,1
收视,收视,1
歌唱,歌唱,1
大赛,大赛,1
葡萄牙,葡萄牙,1
届,届,1
以色列,以色列,3
女歌手,女歌手,2
芭兹莱以,芭兹莱以,1
动感,动感,1
歌曲,歌曲,2
击败,击败,1
参赛者,参赛者,1
抱回,抱回,1
冠军,冠军,2
数千名,数千名,1
以国,以国,1
手舞足蹈,手舞足蹈,1
总理,总理,1
纳坦雅,纳坦雅,1
看齐,看齐,1
首歌曲,首歌曲,1
塞普,塞普,1
勒斯,勒斯,1
希腊,希腊,1
灵长类,灵长类,1
狗狗,狗狗,1
玩耍,玩耍,1
柿子,柿子,1
拣,拣,1
捏,捏,1
柒头,柒头,1
背祸者,背祸者,1
体制性,体制性,1
别置一喙,别置一喙,1
最严,最严,6
黄粱美梦,黄粱美梦,6
醒,醒,12
罪行累累,罪行累累,6
凌辱,凌辱,6
爆尿,爆尿,6
一身,一身,6
上脑,上脑,2
份子,份子,2
尿片,尿片,2
征求,征求,2
婴儿,婴儿,2
检长,检长,1
从政者,从政者,1
警醒,警醒,1
🤗,🤗,1
自居,自居,1
前线,前线,1
检察长,检察长,4
树德,树德,2
黯然,黯然,1
政坛,政坛,1
弹,弹,1
客,客,1
众叛亲离,众叛亲离,1
准,准,1
后宫,后宫,1
弃保,弃保,1
逐出,逐出,1
金像奖,金像奖,1
歇斯底里,歇斯底里,1
停不下来,停不下来,1
拍过,拍过,1
钢琴家,钢琴家,1
搞不清,搞不清,1
这帮,这帮,1
左撇子,左撇子,1
欧巴,欧巴,1
SJ,SJ,2
始源,始源,2
利特,利特,2
墨西哥,墨西哥,1
특,특,1
시,시,1
今次,今次,1
有食,有食,1
罪大恶极,罪大恶极,1
学长,学长,1
台湾人,台湾人,1
发达,发达,1
回响,回响,1
最高级别,最高级别,1
埃里克,埃里克,1
施奈德,施奈德,1
此前,此前,2
人身攻击,人身攻击,1
烧到,烧到,2
坎城,坎城,1
百女,百女,1
影人,影人,1
踩,踩,1
红毯,红毯,1
标少,标少,1
札记,札记,1
条例,条例,1
闭门,闭门,1
聆讯,聆讯,1
司法界,司法界,1
角色扮演,角色扮演,1
四女,四女,1
小人物,小人物,3
由上至下,由上至下,1
动静,动静,1
署,署,1
占据,占据,1
霸道,霸道,1
免于,免于,1
职业生涯,职业生涯,1
初期,初期,3
脆弱,脆弱,1
声誉,声誉,1
信任度,信任度,1
修补,修补,1
更正,更正,1
评委,评委,1
史上,史上,1
夫妻,夫妻,1
丑事,丑事,1
停发,停发,1
事算,事算,1
警灯,警灯,1
闪烁,闪烁,1
听不得,听不得,1
警笛,警笛,1
长鸣,长鸣,1
不亚于,不亚于,1
试金石,试金石,1
三寸不烂之舌,三寸不烂之舌,1
逃不掉,逃不掉,1
公主,公主,1
王储,王储,1
普通人,普通人,1
😯,😯,1
通识科,通识科,1
只设,只设,1
及格,及格,1
不及格,不及格,1
剔出,剔出,1
科目,科目,1
混乱,混乱,1
押,押,1
停办,停办,1
皇家学院,皇家学院,1
暂停,暂停,1
来龙去脉,来龙去脉,1
解通,解通,1
全格,全格,1
包记,包记,2
时间表,时间表,1
太牛,太牛,1
布置,布置,1
世界杯,世界杯,1
普京,普京,1
赠,赠,1
球衣,球衣,1
献媚,献媚,1
朝美,朝美,1
谈判,谈判,1
开春,开春,1
两会,两会,1
不听话,不听话,1
物价,物价,1
再涨,再涨,1
刀锯,刀锯,1
大树,大树,1
最笨,最笨,1
毛,毛,1
颠倒黑白,颠倒黑白,1
秦始皇,秦始皇,1
骂名,骂名,1
选项,选项,1
梦,梦,7
法律系,法律系,1
李中堂,李中堂,2
傅,傅,2
捕头,捕头,2
周世锋,周世锋,2
文学系,文学系,1
春华,春华,2
石根,石根,2
沈阳,沈阳,3
女同学,女同学,1
早年,早年,1
陈独秀,陈独秀,1
李大钊,李大钊,1
毛泽东,毛泽东,1
张国焘,张国焘,1
黄俄党,黄俄党,1
马列主义,马列主义,1
农庄,农庄,1
绞肉机,绞肉机,1
逃跑主义,逃跑主义,1
点破,点破,1
好长,好长,1
次性,次性,1
三个,三个,1
伙伴,伙伴,1
受性,受性,1
侵者,侵者,1
卖淫女,卖淫女,1
多以,多以,1
大妈,大妈,2
深渊,深渊,1
皇后区,皇后区,1
无证,无证,1
控罪,控罪,1
露露,露露,1
水疗,水疗,1
这四名,这四名,1
有所突破,有所突破,1
一段路,一段路,1
碧蓝,碧蓝,1
航线,航线,1
文翠珊,文翠珊,1
史云西,史云西,1
露西亚,露西亚,3
脱欧,脱欧,1
公投,公投,1
同史,同史,1
云西,云西,1
捉,捉,2
机器人,机器人,1
帐户,帐户,1
劳动党,劳动党,1
三角地,三角地,1
贴过,贴过,1
公告栏,公告栏,1
宣导,宣导,1
社群,社群,1
上讨,上讨,1
用处,用处,1
理盲,理盲,1
专业训练,专业训练,1
师,师,1
非妳,非妳,1
打算,打算,1
社会性,社会性,1
区块,区块,4
链,链,3
教职工,教职工,1
党媒急,党媒急,1
开天窗,开天窗,1
南大,南大,1
虚拟,虚拟,1
天下第一,天下第一,1
审,审,1
硕士论文,硕士论文,1
逊,逊,1
另个,另个,1
审稿,审稿,1
删掉,删掉,1
林彪,林彪,1
去世,去世,1
无忧,无忧,1
炒鱿鱼,炒鱿鱼,1
名流,名流,1
指责声,指责声,1
量过大,量过大,1
👏,👏,3
北大学生,北大学生,9
高岩,高岩,9
自杀身亡,自杀身亡,4
触发,触发,4
万个,万个,1
爱心,爱心,1
厌,厌,1
女病,女病,1
出乎,出乎,1
意料之外,意料之外,1
没药,没药,1
医耶,医耶,1
万人,万人,1
字典,字典,1
ㄛ,ㄛ,1
☺,☺,1
冰冰,冰冰,1
链来,链来,1
高阳,高阳,1
设置,设置,1
标志,标志,2
太妙,太妙,1
累人,累人,1
份工,份工,1
殊荣,殊荣,1
本年度,本年度,3
延后,延后,1
二次世界大战,二次世界大战,1
首次,首次,2
快报,快报,1
监控,监控,2
扩张,扩张,2
孔子,孔子,1
中华人民,中华人民,1
停步,停步,1
应用程序,应用程序,1
幽默,幽默,1
圣经,圣经,1
探寻,探寻,1
刑讯逼供,刑讯逼供,1
上海交大,上海交大,1
不良行为,不良行为,2
撤职,撤职,1
人哈维,人哈维,1
家喻户晓,家喻户晓,1
感受一下,感受一下,1
呼救,呼救,1
起义,起义,1
反遭,反遭,1
🏾,🏾,1
🏽,🏽,1
🏼,🏼,1
杯,杯,1
女力,女力,1
🙊,🙊,1
流行音乐,流行音乐,1
冲撞,冲撞,1
恐,恐,1
老死,老死,1
狱中,狱中,1
陪审团,陪审团,6
三项,三项,4
加重,加重,1
猥亵罪,猥亵罪,1
犯有,犯有,2
出炉,出炉,2
鲜明对比,鲜明对比,2
势头,势头,3
该案,该案,2
这群,这群,1
善用,善用,1
令人尊敬,令人尊敬,1
相较,相较,1
追捧,追捧,1
对岸,对岸,1
钱潮,钱潮,1
支付宝,支付宝,1
IU,IU,1
典型,典型,1
两厢情愿,两厢情愿,1
康斯坦丁,康斯坦丁,2
父亲,父亲,1
回声,回声,3
定位,定位,1
贫富差距,贫富差距,2
宣泄,宣泄,1
政商,政商,1
动荡,动荡,1
各个领域,各个领域,1
学科,学科,1
减少,减少,1
文学,文学,1
新星,新星,1
一块块,一块块,1
殒石,殒石,1
华文,华文,1
一书,一书,1
字幕站,字幕站,1
使女,使女,1
第二季,第二季,2
会客室,会客室,1
第三集,第三集,1
辅导员,辅导员,1
陪同,陪同,1
那起,那起,1
一封信,一封信,1
惊吓,惊吓,1
相威胁,相威胁,1
一所,一所,2
一流大学,一流大学,2
尚,尚,2
哗然,哗然,1
原意,原意,1
这则,这则,1
排华,排华,1
法案,法案,1
MAGA,MAGA,1
刘黎儿,刘黎儿,1
专栏,专栏,1
大男人主义,大男人主义,1
华尔街日报,华尔街日报,1
勇士,勇士,1
致敬,致敬,1
PKU,PKU,2
照理说,照理说,1
更要,更要,1
鄙视,鄙视,1
有幸,有幸,1
逃,逃,2
一劫,一劫,1
摄影师,摄影师,1
高官,高官,1
抗拒,抗拒,1
重燃,重燃,1
白石,白石,1
早树子,早树子,1
库柏,库柏,2
迎来,迎来,2
拐点,拐点,2
能分,能分,2
职位,职位,2
稀缺,稀缺,2
联名信,联名信,1
人民大学,人民大学,1
严梓豪,严梓豪,1
学工,学工,1
沈,沈,1
重版,重版,1
校庆,校庆,1
五四运动,五四运动,1
强权,强权,1
以太,以太,2
坊,坊,2
纪录,纪录,2
异议,异议,2
牠,牠,1
纪念日,纪念日,1
电台,电台,1
拉开,拉开,1
序幕,序幕,1
造就,造就,1
历年,历年,1
荒诞,荒诞,1
挡不住,挡不住,1
墙国,墙国,2
阻拦,阻拦,1
铁拳,铁拳,1
缩影,缩影,1
刘刚,刘刚,2
搞大才,搞大才,1
变局,变局,2
妖,妖,1
快去,快去,1
学妹,学妹,1
搞事,搞事,1
外国语,外国语,1
紧急,紧急,1
红色,红色,1
通报,通报,1
编造,编造,1
授意,授意,1
指使,指使,1
陈志煜,陈志煜,1
陈志恒,陈志恒,1
余份,余份,1
中共中央,中共中央,1
国务院,国务院,2
部委,部委,1
印发,印发,1
国家机关,国家机关,1
境外,境外,1
误导,误导,1
大快人心,大快人心,1
天助,天助,1
YES,YES,1
団,団,1
一同,一同,1
良心,良心,21
彭丽媛,彭丽媛,21
云南,云南,21
あ,あ,21
な,な,21
に,に,21
し,し,21
无言,无言,1
抵抗,抵抗,1
最具,最具,2
百人,百人,4
榜,榜,4
上榜,上榜,2
柏克,柏克,2
见图,见图,2
四十五,四十五,2
共分,共分,2
五大,五大,2
先驱者,先驱者,2
之地,之地,1
好自为之,好自为之,1
玉吐,玉吐,1
钟爱,钟爱,1
兰草,兰草,1
励馨,励馨,2
跟法,跟法,1
扶,扶,1
野党,野党,1
中正,中正,2
纪念堂,纪念堂,2
颜力,颜力,1
妃,妃,1
二重,二重,1
国籍,国籍,1
贱人,贱人,1
走出,走出,1
金柱,金柱,1
赫骤,赫骤,1
逝,逝,1
李俞英,李俞英,1
男挺,男挺,1
유,유,1
영,영,1
金柱赫,金柱赫,1
주,주,1
혁,혁,1
在野党,在野党,2
福田,福田,2
次官,次官,2
省,省,1
事务,事务,1
官职,官职,1
淳一,淳一,1
已于,已于,1
字样,字样,1
纸张,纸张,1
之意,之意,1
发自,发自,1
象征,象征,1
意在,意在,1
