USGS_Nevada,"Hydrologist Poff showing height of Aug 27 flood flow at Brays Channel at Gessner in Houston, TX. Helping colleagues‚Ä¶ https://t.co/b0CUFVPy6p"
USGS_Nevada,Hydrologist Schmidt setting up a GPS survey at Brays Channel at Gessner in Houston TX in support of the‚Ä¶ https://t.co/EMJIxUOTra
Pmick3,#Emmys2017 the level of hypocrisy is mind blowing millions spent 4 that shit. People are homeless. #IrmaFlorida #Harveyflood #fakeassshit
__Copacetic,RT @5stahg: You gotta make the best out of every situation üôÑ #HoustonStrong #HurricaneHarvey #MondayMotivation #HarveyFlood #Harvey #PrayFo‚Ä¶
Hera1933,RT @nichole_is_rad: If I never see rain again it would be too soon. #Harvey2017 #HarveyFlood #HoustonStrong #CabinFever #Monet Garden at Sa‚Ä¶
AugustEve2012,RT @fdell3: Congress had better not fund a wall after #HarveyFlood https://t.co/w9Ik3UTJ6U
__natacia,RT @nh60dmook: HOUSTON WE GOTTA STICK TOGETHER #HarveyFlood #HurricaneHarvey https://t.co/9LNsdmhMKj
wendellshaw5,"RT @GeorgiaDirtRoad: ""I've never seen so much love in a place in my life,"" says Kentucky man who came to help #HarveyFlood victims. üéØ
https‚Ä¶"
mupwa,RT @TheBoldthouse: Hurricane Harvey Relief Benefit today 1-9 pm. Live music all afternoon. Come on by! #hurricaneharvey #harveyflood #seabr‚Ä¶
OrgThis,"Proud #Texas, United American https://t.co/OYKn47T6x7 #HarveyFlood #USA #Pride"
PaulDouglasHale,"RT @PaulDouglasHale: #Trump' #Texas Failure To Evacuate #Harvey
Same As #Bush+#Katrina
Hale' #K9 #Katrina #SAR #Dog
#HarveyFlood #Beaumont‚Ä¶"
Lourdes52360335,RT @bikesey: JJ Watt setting a fine example in light of the floods in the US. #HarveyFlood
RonaldClarke,RT @nichole_is_rad: If I never see rain again it would be too soon. #Harvey2017 #HarveyFlood #HoustonStrong #CabinFever #Monet Garden at Sa‚Ä¶
ReverendKitchen,More #artfromtheheart at @WayneArtCenter 3-5 pm today. PA ‚ù§Ô∏è for #Harveyflood https://t.co/aBbGsbOy5E
ReverendKitchen,"Welcome, all! Today, 3-5 pm, #ArtfromtheHeart to  benefit #Harveyflood at @WayneArtCenter https://t.co/3SvEr66rfR"
revelations_pod,RT @Girltalkandwine: #laughter in the wake of tragedy. #episode 50 #PodernFamily #ladypodsquad #trypod #podecho #harvey #harveyflood https:‚Ä¶
TweetTw88036790,RT @jackhunter74: How federal flood insurance made the tragedy in Houston worse by @bonniekristian #HarveyFlood  https://t.co/LVFAvtrLuC
Luxuexx,RT @nh60dmook: HOUSTON WE GOTTA STICK TOGETHER #HarveyFlood #HurricaneHarvey https://t.co/9LNsdmhMKj
BirdBrayn,Trials can make us stronger. Tree roots grow deeper in stormy climes. Trust God as you prepare for tomorrow. #faith‚Ä¶ https://t.co/w06gAKf9IU
davidmelber,Grateful for my home church @alpharettafbc sending team today to @HoustonFirst to serve @sendrelief #Harveyflood
RekayaGibson,RT @Girltalkandwine: #laughter in the wake of tragedy. #episode 50 #PodernFamily #ladypodsquad #trypod #podecho #harvey #harveyflood https:‚Ä¶
LeolaRoss7,@RepJohnZerwas In addition to cleaning &amp; restoring homes we also must clean streets post-#Harveyflood https://t.co/5ezuoCBuH0
slambert2969,George Bush park in Houston #22dayslater #Harveyflood https://t.co/V7Ezce1GTe
mupwa,Clear Lake &amp; Galveston Bay area residents: this is the place to be this afternoon! #HarveyRelief #seabrook‚Ä¶ https://t.co/31LvhsuFPw
Boyd_2650,RT @disings: RETWEET #Harveyflood #harveystorm #Harvey #Pets https://t.co/nqzPLg1vJD
TheBoldthouse,Hurricane Harvey Relief Benefit today 1-9 pm. Live music all afternoon. Come on by! #hurricaneharvey #harveyflood‚Ä¶ https://t.co/ORemW1S6KR
Jayc27rwt,"RT @ITZDANNNO: Those people are legends #Houston #HarveyFlood #HoustonFloods #Texas 
https://t.co/pL8u8T8gbV"
MikeLoBurgio,RT @nancysuzyq: Air Force Dispatched To Spray 6 Million Acres In Texas With Insecticide Following #Harveyflood https://t.co/Ihq0IKCyB5
laplacanancy,#Florida‚Äôs Poop Nightmare Now True  https://t.co/odX4JYANBR Same: #Harveyflood #IrmaHurricane2017 @FLAnnScott @FLGovScott #climatechange
nancysuzyq,Air Force Dispatched To Spray 6 Million Acres In Texas With Insecticide Following #Harveyflood https://t.co/Ihq0IKCyB5
carolsakai_art,"Firefighter told to stay home https://t.co/1LCfzhYZ9F #Harvey
#Harvey2017 #HarveyFlood #Harveystorm #Hurricaneseason"
JSCRadio,RT @Girltalkandwine: #laughter in the wake of tragedy. #episode 50 #PodernFamily #ladypodsquad #trypod #podecho #harvey #harveyflood https:‚Ä¶
ChadWilbanks,"Hope reporter is reprimanded @abc13houston - Texans help all walks of life, she falsifies narrative. #Harveyflood https://t.co/qIelQz86i7"
SherryAlger1,"#HurricaneHarvey
Glad we get updates here! Not newsworthy now so @CNN doesn't talk about It!
#HoustonStrong #HelpforHouston #Harveyflood"
tkluqman,@HFUSA @humanityfirst @MuslimIQ @MuslimYouthUSA MuslimyouthUSA working for Humanity first #Harveyflood #MuslimsForPeace
Cosmicbi,RT @mhall55nine: Pray For All To Be Safe! #HurricaneHarvey  #TexasStrong #HarveyFlood https://t.co/VrwfrAZph3
Rachllea,RT @mhall55nine: Pray For All To Be Safe! #HurricaneHarvey  #TexasStrong #HarveyFlood https://t.co/VrwfrAZph3
nodreamact2017,RT @disings: RETWEET #Harveyflood #harveystorm #Harvey #Pets https://t.co/nqzPLg1vJD
Carter_wilson10,"RT @liaclaire001: rt to get the word out, a little can go a long way. #HarveyFlood https://t.co/FFOK51xl9z"
kimdigscovfefe,RT @SharonMurguia: Please support relief efforts for #HuricaneIrma &amp; #Harveyflood victims. SamaritansPurse is highly recommended. Let's all‚Ä¶
NicoleG5555,RT @SharonMurguia: Please support relief efforts for #HuricaneIrma &amp; #Harveyflood victims. SamaritansPurse is highly recommended. Let's all‚Ä¶
PicktonPrice,RT @abcnews: Hundreds of baby squirrels rescued from floodwaters in Texas https://t.co/mJKTMecsY3 #HarveyFlood https://t.co/DMgoswgL1Q
Gwenyth777,"RT @DallasBlonde822: This is funny, I don't care who you are. #JoelOsteen #Harvey2017 #Harveyflood #houstonflood #HoustonFloods #HoustonStr‚Ä¶"
lopezgovlaw,RT @bigshawn419: #Houston local vents on the #aftermath of #Hurricane Harvey! https://t.co/EYfQaVLL0F #HarveyRelief #Harveyflood #Donate #H‚Ä¶
yzcyzf,RT @mhall55nine: Pray For All To Be Safe! #HurricaneHarvey  #TexasStrong #HarveyFlood https://t.co/VrwfrAZph3
bigshawn419,#Houston local vents on the #aftermath of #Hurricane Harvey! https://t.co/EYfQaVLL0F #HarveyRelief #Harveyflood #Donate #HoustonStrong
SMaureneLoft,RT @mhall55nine: Pray For All To Be Safe! #HurricaneHarvey  #TexasStrong #HarveyFlood https://t.co/VrwfrAZph3
bountyofbeads2,"Twice Saved From Houston Floods but Still, Mysteriously, a Victim https://t.co/Il5VKGHD2g #Harvey #HarveyRelief  #Harveyflood"
bravichandran99,#briarhills neighborhood is still rebuilding from #Harveyflood #barkerreservoir. Bring in food/water to #briarhillspoa tomm 11-3pm #houston
AnthonioLRoland,RT @nh60dmook: HOUSTON WE GOTTA STICK TOGETHER #HarveyFlood #HurricaneHarvey https://t.co/9LNsdmhMKj
bonario_debMart,@SadSadGayle i had @IndivisibleHTX gathering at my house- keeping up with the coordinated local events- bit behind‚Ä¶ https://t.co/eIqIJ8ZrsG
KathyLittle18,RT @disings: RETWEET #Harveyflood #harveystorm #Harvey #Pets https://t.co/nqzPLg1vJD
9975Ts,RT @disings: RETWEET #Harveyflood #harveystorm #Harvey #Pets https://t.co/nqzPLg1vJD
MaryCHolland,Someone help me how do I adopt a dog from #Irma #Harveyflood nacho needs a friend
SamuelHerrick40,Not happy about Harris County spraying mosquitoes with C-130 over my house right now! #Harveyflood
gregorymcmaho13,RT @disings: RETWEET #Harveyflood #harveystorm #Harvey #Pets https://t.co/nqzPLg1vJD
DalinPaur,RT @disings: RETWEET #Harveyflood #harveystorm #Harvey #Pets https://t.co/nqzPLg1vJD
PMgeezer,RT @disings: RETWEET #Harveyflood #harveystorm #Harvey #Pets https://t.co/nqzPLg1vJD
InAbsentia9,RT @disings: RETWEET #Harveyflood #harveystorm #Harvey #Pets https://t.co/nqzPLg1vJD
RhondaHurley2,RT @disings: RETWEET #Harveyflood #harveystorm #Harvey #Pets https://t.co/nqzPLg1vJD
NinaMorton,RT @disings: RETWEET #Harveyflood #harveystorm #Harvey #Pets https://t.co/nqzPLg1vJD
VictoriaDeblase,RT @kimdhbutler: Must thank everyone donating to #HarveyFlood. You people r grea &amp; showing us the American soul. Lines of trucks across my‚Ä¶
